

===== start service-order @ 2026-09-21 12:03:31 =====2026-09-21T12:03:36.898+08:00  INFO 15940 --- [service-order] [main] com.jwy.scd.ServiceOrderApplication      : Starting ServiceOrderApplication v0.0.1-SNAPSHOT using Java 21.0.12.1 with PID 15940 (E:\Data\projects\springcloud-demo\service-order\target\service-order-0.0.1-SNAPSHOT.jar started by jiang in c:\windows\system32\driverstore\filerepository\ntprint.inf_amd64_7ec90cac1a11fca1\amd64)
2026-09-21T12:03:36.900+08:00  INFO 15940 --- [service-order] [main] com.jwy.scd.ServiceOrderApplication      : No active profile set, falling back to 1 default profile: "default"
2026-09-21T12:03:36.989+08:00  INFO 15940 --- [service-order] [main] c.a.c.n.c.NacosConfigDataLoader          : [Nacos Config] Load config[dataId=service-order.yaml, group=DEFAULT_GROUP] success
2026-09-21T12:03:38.784+08:00  INFO 15940 --- [service-order] [main] o.s.cloud.context.scope.GenericScope     : BeanFactory id=c033d1c6-ce73-3a51-9217-7ba29ae97d99
2026-09-21T12:03:39.751+08:00  INFO 15940 --- [service-order] [main] o.s.boot.tomcat.TomcatWebServer          : Tomcat initialized with port 8083 (http)
2026-09-21T12:03:39.775+08:00  INFO 15940 --- [service-order] [main] o.apache.catalina.core.StandardService   : Starting service [Tomcat]
2026-09-21T12:03:39.776+08:00  INFO 15940 --- [service-order] [main] o.apache.catalina.core.StandardEngine    : Starting Servlet engine: [Apache Tomcat/11.0.24]
2026-09-21T12:03:39.817+08:00  INFO 15940 --- [service-order] [main] b.w.c.s.WebApplicationContextInitializer : Root WebApplicationContext: initialization completed in 2825 ms
2026-09-21T12:03:40.262+08:00  INFO 15940 --- [service-order] [main] o.s.c.openfeign.FeignClientFactoryBean   : For 'service-system' URL not provided. Will try picking an instance via load-balancing.
2026-09-21T12:03:40.779+08:00  INFO 15940 --- [service-order] [main] o.s.c.openfeign.FeignClientFactoryBean   : For 'service-id-gen' URL not provided. Will try picking an instance via load-balancing.
2026-09-21T12:03:40.788+08:00  INFO 15940 --- [service-order] [main] com.jwy.scd.support.SegmentIdGenerator   : [id-gen-client] 号段发号器已装配：bizTag=order
2026-09-21T12:03:40.964+08:00  INFO 15940 --- [service-order] [main] c.a.c.sentinel.SentinelWebMvcConfigurer  : [Sentinel Starter] register SentinelWebInterceptor with urlPatterns: [/**].
2026-09-21T12:03:41.402+08:00  INFO 15940 --- [service-order] [main] m.e.s.MybatisPlusApplicationContextAware : Register ApplicationContext instances org.springframework.boot.web.server.servlet.context.AnnotationConfigServletWebServerApplicationContext@69afa141
2026-09-21T12:03:41.663+08:00  WARN 15940 --- [service-order] [main] iguration$LoadBalancerCaffeineWarnLogger : Spring Cloud LoadBalancer is currently working with the default cache. While this cache implementation is useful for development and tests, it's recommended to use Caffeine cache in production.You can switch to using Caffeine cache, by adding it and org.springframework.cache.caffeine.CaffeineCacheManager to the classpath.
2026-09-21T12:03:41.818+08:00  INFO 15940 --- [service-order] [main] o.s.boot.tomcat.TomcatWebServer          : Tomcat started on port 8083 (http) with context path '/'
2026-09-21T12:03:41.826+08:00  INFO 15940 --- [service-order] [main] com.alibaba.nacos.client.naming          : Nacos client key init properties: 
	serverAddr=rxs:8848
	username=nacos
	password=1****6

2026-09-21T12:03:41.828+08:00  INFO 15940 --- [service-order] [main] com.alibaba.nacos.client.naming          : initializer namespace from ans.namespace attribute : null
2026-09-21T12:03:41.828+08:00  INFO 15940 --- [service-order] [main] com.alibaba.nacos.client.naming          : initializer namespace from ALIBABA_ALIWARE_NAMESPACE attribute :null
2026-09-21T12:03:41.829+08:00  INFO 15940 --- [service-order] [main] com.alibaba.nacos.client.naming          : initializer namespace from namespace attribute :null
2026-09-21T12:03:41.837+08:00  INFO 15940 --- [service-order] [main] com.alibaba.nacos.client.naming          : FailoverDataSource type is class com.alibaba.nacos.client.naming.backups.datasource.DiskFailoverDataSource
2026-09-21T12:03:41.843+08:00  INFO 15940 --- [service-order] [main] c.a.n.c.a.AbstractServerListManager      : Load and match ServerListProvider com.alibaba.nacos.client.address.EndpointServerListProvider, match result: false
2026-09-21T12:03:41.844+08:00  INFO 15940 --- [service-order] [main] c.a.n.c.a.AbstractServerListManager      : Load and match ServerListProvider com.alibaba.nacos.client.address.PropertiesListProvider, match result: true
2026-09-21T12:03:41.844+08:00  INFO 15940 --- [service-order] [main] c.a.n.c.a.AbstractServerListManager      : Will use com.alibaba.nacos.client.address.PropertiesListProvider as ServerListProvider
2026-09-21T12:03:41.845+08:00  INFO 15940 --- [service-order] [main] c.a.n.p.a.s.c.ClientAuthPluginManager    : [ClientAuthPluginManager] Load ClientAuthService com.alibaba.nacos.client.auth.impl.NacosClientAuthServiceImpl success.
2026-09-21T12:03:41.845+08:00  INFO 15940 --- [service-order] [main] c.a.n.p.a.s.c.ClientAuthPluginManager    : [ClientAuthPluginManager] Load ClientAuthService com.alibaba.nacos.client.auth.ram.RamClientAuthServiceImpl success.
2026-09-21T12:03:41.971+08:00  INFO 15940 --- [service-order] [main] com.alibaba.nacos.common.remote.client   : [RpcClientFactory] create a new rpc client of 115d6b00-2e53-43ef-9493-a90d7353c1c8
2026-09-21T12:03:41.974+08:00  INFO 15940 --- [service-order] [main] com.alibaba.nacos.client.naming          : Create naming rpc client for uuid->115d6b00-2e53-43ef-9493-a90d7353c1c8
2026-09-21T12:03:41.975+08:00  INFO 15940 --- [service-order] [main] com.alibaba.nacos.common.remote.client   : [115d6b00-2e53-43ef-9493-a90d7353c1c8] RpcClient init, ServerListFactory = com.alibaba.nacos.client.naming.core.NamingServerListManager
2026-09-21T12:03:41.975+08:00  INFO 15940 --- [service-order] [main] com.alibaba.nacos.common.remote.client   : [115d6b00-2e53-43ef-9493-a90d7353c1c8] Registry connection listener to current client:com.alibaba.nacos.client.naming.remote.gprc.redo.NamingGrpcRedoService
2026-09-21T12:03:41.975+08:00  INFO 15940 --- [service-order] [main] com.alibaba.nacos.common.remote.client   : [115d6b00-2e53-43ef-9493-a90d7353c1c8] Register server push request handler:com.alibaba.nacos.client.naming.remote.gprc.NamingPushRequestHandler
2026-09-21T12:03:41.976+08:00  INFO 15940 --- [service-order] [main] com.alibaba.nacos.common.remote.client   : [115d6b00-2e53-43ef-9493-a90d7353c1c8] Register server push request handler:com.alibaba.nacos.client.naming.remote.gprc.NamingFuzzyWatchNotifyRequestHandler
2026-09-21T12:03:41.976+08:00  INFO 15940 --- [service-order] [main] com.alibaba.nacos.common.remote.client   : [115d6b00-2e53-43ef-9493-a90d7353c1c8] Try to connect to server on start up, server: {serverIp = 'rxs', server main port = 8848}
2026-09-21T12:03:41.976+08:00  INFO 15940 --- [service-order] [main] c.a.n.c.remote.client.grpc.GrpcClient    : grpc client connection server: rxs ip, serverPort: 9848, grpcTslConfig: {"enableTls":false,"mutualAuthEnable":false,"trustAll":true}
2026-09-21T12:03:42.011+08:00  INFO 15940 --- [service-order] [main] com.alibaba.nacos.common.remote.client   : [115d6b00-2e53-43ef-9493-a90d7353c1c8] Success to connect to server [rxs:8848] on start up, connectionId = 1789963421385_172.17.0.1_36344
2026-09-21T12:03:42.011+08:00  INFO 15940 --- [service-order] [main] com.alibaba.nacos.common.remote.client   : [115d6b00-2e53-43ef-9493-a90d7353c1c8] Register server push request handler:com.alibaba.nacos.common.remote.client.RpcClient$ConnectResetRequestHandler
2026-09-21T12:03:42.011+08:00  INFO 15940 --- [service-order] [main] com.alibaba.nacos.common.remote.client   : [115d6b00-2e53-43ef-9493-a90d7353c1c8] Register server push request handler:com.alibaba.nacos.common.remote.client.RpcClient$$Lambda/0x00000244a2438a48
2026-09-21T12:03:42.011+08:00  INFO 15940 --- [service-order] [com.alibaba.nacos.client.remote.worker.0] com.alibaba.nacos.common.remote.client   : [115d6b00-2e53-43ef-9493-a90d7353c1c8] Notify connected event to listeners.
2026-09-21T12:03:42.012+08:00  INFO 15940 --- [service-order] [com.alibaba.nacos.client.remote.worker.0] com.alibaba.nacos.client.naming          : Grpc connection connect
2026-09-21T12:03:42.014+08:00  INFO 15940 --- [service-order] [main] com.alibaba.nacos.client.naming          : [REGISTER-SERVICE] public registering service service-order with instance Instance{instanceId='null', ip='192.168.1.129', port=8083, weight=1.0, healthy=true, enabled=true, ephemeral=true, clusterName='', serviceName='null', metadata={IPv6=null, preserved.register.source=SPRING_CLOUD}}
2026-09-21T12:03:42.034+08:00  INFO 15940 --- [service-order] [main] c.a.c.n.registry.NacosServiceRegistry    : nacos registry, DEFAULT_GROUP service-order 192.168.1.129:8083 register finished
2026-09-21T12:03:42.049+08:00  INFO 15940 --- [service-order] [main] com.jwy.scd.ServiceOrderApplication      : Started ServiceOrderApplication in 8.093 seconds (process running for 9.078)
2026-09-21T12:03:42.053+08:00  WARN 15940 --- [service-order] [main] o.s.core.events.SpringDocAppInitializer  : SpringDoc /v3/api-docs endpoint is enabled by default. To disable it in production, set the property 'springdoc.api-docs.enabled=false'
2026-09-21T12:03:42.053+08:00  WARN 15940 --- [service-order] [main] o.s.core.events.SpringDocAppInitializer  : SpringDoc /swagger-ui.html endpoint is enabled by default. To disable it in production, set the property 'springdoc.swagger-ui.enabled=false'
2026-09-21T12:03:42.058+08:00  INFO 15940 --- [service-order] [main] c.a.nacos.client.config.impl.CacheData   : config listener notify warn timeout millis use default 60000 millis 
2026-09-21T12:03:42.059+08:00  INFO 15940 --- [service-order] [main] c.a.nacos.client.config.impl.CacheData   : nacos.cache.data.init.snapshot = true 
2026-09-21T12:03:42.067+08:00  INFO 15940 --- [service-order] [main] c.a.n.client.config.impl.ClientWorker    : [Config-fixed-public-rxs_8848] [subscribe] service-order.yaml+DEFAULT_GROUP+public
2026-09-21T12:03:42.080+08:00  INFO 15940 --- [service-order] [main] c.a.nacos.client.config.impl.CacheData   : [Config-fixed-public-rxs_8848] [add-listener] ok, tenant=public, dataId=service-order.yaml, group=DEFAULT_GROUP, cnt=1
2026-09-21T12:03:42.080+08:00  INFO 15940 --- [service-order] [main] c.a.c.n.refresh.NacosContextRefresher    : [Nacos Config] Listening config: dataId=service-order.yaml, group=DEFAULT_GROUP


===== start service-order @ 2026-09-21 12:05:19 =====2026-09-21T12:05:22.140+08:00  INFO 6636 --- [service-order] [main] com.jwy.scd.ServiceOrderApplication      : Starting ServiceOrderApplication v0.0.1-SNAPSHOT using Java 21.0.12.1 with PID 6636 (E:\Data\projects\springcloud-demo\service-order\target\service-order-0.0.1-SNAPSHOT.jar started by jiang in c:\windows\system32\driverstore\filerepository\ntprint.inf_amd64_7ec90cac1a11fca1\amd64)
2026-09-21T12:05:22.141+08:00  INFO 6636 --- [service-order] [main] com.jwy.scd.ServiceOrderApplication      : No active profile set, falling back to 1 default profile: "default"
2026-09-21T12:05:22.207+08:00  INFO 6636 --- [service-order] [main] c.a.c.n.c.NacosConfigDataLoader          : [Nacos Config] Load config[dataId=service-order.yaml, group=DEFAULT_GROUP] success
2026-09-21T12:05:23.171+08:00  INFO 6636 --- [service-order] [main] o.s.cloud.context.scope.GenericScope     : BeanFactory id=cd2badf3-365b-3b7c-bed1-f6baede46176
2026-09-21T12:05:23.767+08:00  INFO 6636 --- [service-order] [main] o.s.boot.tomcat.TomcatWebServer          : Tomcat initialized with port 8083 (http)
2026-09-21T12:05:23.782+08:00  INFO 6636 --- [service-order] [main] o.apache.catalina.core.StandardService   : Starting service [Tomcat]
2026-09-21T12:05:23.782+08:00  INFO 6636 --- [service-order] [main] o.apache.catalina.core.StandardEngine    : Starting Servlet engine: [Apache Tomcat/11.0.24]
2026-09-21T12:05:23.807+08:00  INFO 6636 --- [service-order] [main] b.w.c.s.WebApplicationContextInitializer : Root WebApplicationContext: initialization completed in 1598 ms
2026-09-21T12:05:24.090+08:00  INFO 6636 --- [service-order] [main] o.s.c.openfeign.FeignClientFactoryBean   : For 'service-system' URL not provided. Will try picking an instance via load-balancing.
2026-09-21T12:05:24.422+08:00  INFO 6636 --- [service-order] [main] o.s.c.openfeign.FeignClientFactoryBean   : For 'service-id-gen' URL not provided. Will try picking an instance via load-balancing.
2026-09-21T12:05:24.427+08:00  INFO 6636 --- [service-order] [main] com.jwy.scd.support.SegmentIdGenerator   : [id-gen-client] 号段发号器已装配：bizTag=order
2026-09-21T12:05:24.529+08:00  INFO 6636 --- [service-order] [main] c.a.c.sentinel.SentinelWebMvcConfigurer  : [Sentinel Starter] register SentinelWebInterceptor with urlPatterns: [/**].
2026-09-21T12:05:24.832+08:00  INFO 6636 --- [service-order] [main] m.e.s.MybatisPlusApplicationContextAware : Register ApplicationContext instances org.springframework.boot.web.server.servlet.context.AnnotationConfigServletWebServerApplicationContext@2f860823
2026-09-21T12:05:24.995+08:00  WARN 6636 --- [service-order] [main] iguration$LoadBalancerCaffeineWarnLogger : Spring Cloud LoadBalancer is currently working with the default cache. While this cache implementation is useful for development and tests, it's recommended to use Caffeine cache in production.You can switch to using Caffeine cache, by adding it and org.springframework.cache.caffeine.CaffeineCacheManager to the classpath.
2026-09-21T12:05:25.084+08:00  INFO 6636 --- [service-order] [main] o.s.boot.tomcat.TomcatWebServer          : Tomcat started on port 8083 (http) with context path '/'
2026-09-21T12:05:25.089+08:00  INFO 6636 --- [service-order] [main] com.alibaba.nacos.client.naming          : Nacos client key init properties: 
	serverAddr=rxs:8848
	username=nacos
	password=1****6

2026-09-21T12:05:25.090+08:00  INFO 6636 --- [service-order] [main] com.alibaba.nacos.client.naming          : initializer namespace from ans.namespace attribute : null
2026-09-21T12:05:25.090+08:00  INFO 6636 --- [service-order] [main] com.alibaba.nacos.client.naming          : initializer namespace from ALIBABA_ALIWARE_NAMESPACE attribute :null
2026-09-21T12:05:25.090+08:00  INFO 6636 --- [service-order] [main] com.alibaba.nacos.client.naming          : initializer namespace from namespace attribute :null
2026-09-21T12:05:25.097+08:00  INFO 6636 --- [service-order] [main] com.alibaba.nacos.client.naming          : FailoverDataSource type is class com.alibaba.nacos.client.naming.backups.datasource.DiskFailoverDataSource
2026-09-21T12:05:25.102+08:00  INFO 6636 --- [service-order] [main] c.a.n.c.a.AbstractServerListManager      : Load and match ServerListProvider com.alibaba.nacos.client.address.EndpointServerListProvider, match result: false
2026-09-21T12:05:25.102+08:00  INFO 6636 --- [service-order] [main] c.a.n.c.a.AbstractServerListManager      : Load and match ServerListProvider com.alibaba.nacos.client.address.PropertiesListProvider, match result: true
2026-09-21T12:05:25.102+08:00  INFO 6636 --- [service-order] [main] c.a.n.c.a.AbstractServerListManager      : Will use com.alibaba.nacos.client.address.PropertiesListProvider as ServerListProvider
2026-09-21T12:05:25.104+08:00  INFO 6636 --- [service-order] [main] c.a.n.p.a.s.c.ClientAuthPluginManager    : [ClientAuthPluginManager] Load ClientAuthService com.alibaba.nacos.client.auth.impl.NacosClientAuthServiceImpl success.
2026-09-21T12:05:25.104+08:00  INFO 6636 --- [service-order] [main] c.a.n.p.a.s.c.ClientAuthPluginManager    : [ClientAuthPluginManager] Load ClientAuthService com.alibaba.nacos.client.auth.ram.RamClientAuthServiceImpl success.
2026-09-21T12:05:25.183+08:00  INFO 6636 --- [service-order] [main] com.alibaba.nacos.common.remote.client   : [RpcClientFactory] create a new rpc client of a8d87dbd-6316-4a0e-866a-b94946270fb2
2026-09-21T12:05:25.185+08:00  INFO 6636 --- [service-order] [main] com.alibaba.nacos.client.naming          : Create naming rpc client for uuid->a8d87dbd-6316-4a0e-866a-b94946270fb2
2026-09-21T12:05:25.185+08:00  INFO 6636 --- [service-order] [main] com.alibaba.nacos.common.remote.client   : [a8d87dbd-6316-4a0e-866a-b94946270fb2] RpcClient init, ServerListFactory = com.alibaba.nacos.client.naming.core.NamingServerListManager
2026-09-21T12:05:25.185+08:00  INFO 6636 --- [service-order] [main] com.alibaba.nacos.common.remote.client   : [a8d87dbd-6316-4a0e-866a-b94946270fb2] Registry connection listener to current client:com.alibaba.nacos.client.naming.remote.gprc.redo.NamingGrpcRedoService
2026-09-21T12:05:25.185+08:00  INFO 6636 --- [service-order] [main] com.alibaba.nacos.common.remote.client   : [a8d87dbd-6316-4a0e-866a-b94946270fb2] Register server push request handler:com.alibaba.nacos.client.naming.remote.gprc.NamingPushRequestHandler
2026-09-21T12:05:25.186+08:00  INFO 6636 --- [service-order] [main] com.alibaba.nacos.common.remote.client   : [a8d87dbd-6316-4a0e-866a-b94946270fb2] Register server push request handler:com.alibaba.nacos.client.naming.remote.gprc.NamingFuzzyWatchNotifyRequestHandler
2026-09-21T12:05:25.186+08:00  INFO 6636 --- [service-order] [main] com.alibaba.nacos.common.remote.client   : [a8d87dbd-6316-4a0e-866a-b94946270fb2] Try to connect to server on start up, server: {serverIp = 'rxs', server main port = 8848}
2026-09-21T12:05:25.186+08:00  INFO 6636 --- [service-order] [main] c.a.n.c.remote.client.grpc.GrpcClient    : grpc client connection server: rxs ip, serverPort: 9848, grpcTslConfig: {"enableTls":false,"mutualAuthEnable":false,"trustAll":true}
2026-09-21T12:05:25.197+08:00  INFO 6636 --- [service-order] [main] com.alibaba.nacos.common.remote.client   : [a8d87dbd-6316-4a0e-866a-b94946270fb2] Success to connect to server [rxs:8848] on start up, connectionId = 1789963524590_172.17.0.1_55530
2026-09-21T12:05:25.198+08:00  INFO 6636 --- [service-order] [main] com.alibaba.nacos.common.remote.client   : [a8d87dbd-6316-4a0e-866a-b94946270fb2] Register server push request handler:com.alibaba.nacos.common.remote.client.RpcClient$ConnectResetRequestHandler
2026-09-21T12:05:25.198+08:00  INFO 6636 --- [service-order] [com.alibaba.nacos.client.remote.worker.0] com.alibaba.nacos.common.remote.client   : [a8d87dbd-6316-4a0e-866a-b94946270fb2] Notify connected event to listeners.
2026-09-21T12:05:25.198+08:00  INFO 6636 --- [service-order] [main] com.alibaba.nacos.common.remote.client   : [a8d87dbd-6316-4a0e-866a-b94946270fb2] Register server push request handler:com.alibaba.nacos.common.remote.client.RpcClient$$Lambda/0x0000025b10439260
2026-09-21T12:05:25.198+08:00  INFO 6636 --- [service-order] [com.alibaba.nacos.client.remote.worker.0] com.alibaba.nacos.client.naming          : Grpc connection connect
2026-09-21T12:05:25.199+08:00  INFO 6636 --- [service-order] [main] com.alibaba.nacos.client.naming          : [REGISTER-SERVICE] public registering service service-order with instance Instance{instanceId='null', ip='192.168.1.129', port=8083, weight=1.0, healthy=true, enabled=true, ephemeral=true, clusterName='', serviceName='null', metadata={IPv6=null, preserved.register.source=SPRING_CLOUD}}
2026-09-21T12:05:25.209+08:00  INFO 6636 --- [service-order] [main] c.a.c.n.registry.NacosServiceRegistry    : nacos registry, DEFAULT_GROUP service-order 192.168.1.129:8083 register finished
2026-09-21T12:05:25.218+08:00  INFO 6636 --- [service-order] [main] com.jwy.scd.ServiceOrderApplication      : Started ServiceOrderApplication in 4.976 seconds (process running for 5.542)
2026-09-21T12:05:25.291+08:00  INFO 6636 --- [service-order] [main] com.alibaba.nacos.client.naming          : [SUBSCRIBE-SERVICE] service:service-id-gen, group:DEFAULT_GROUP, clusters: 
2026-09-21T12:05:25.292+08:00  INFO 6636 --- [service-order] [main] com.alibaba.nacos.client.naming          : [GRPC-SUBSCRIBE] service:service-id-gen, group:DEFAULT_GROUP, cluster: 
2026-09-21T12:05:25.321+08:00  INFO 6636 --- [service-order] [main] com.alibaba.nacos.client.naming          : init new ips(2) service: DEFAULT_GROUP@@service-id-gen -> [{"instanceId":"192.168.1.129#8084##DEFAULT_GROUP@@service-id-gen","ip":"192.168.1.129","port":8084,"weight":1.0,"healthy":true,"enabled":true,"ephemeral":true,"clusterName":"DEFAULT","serviceName":"DEFAULT_GROUP@@service-id-gen","metadata":{"preserved.register.source":"SPRING_CLOUD"},"ipDeleteTimeout":30000,"instanceHeartBeatInterval":5000,"instanceHeartBeatTimeOut":15000},{"instanceId":"192.168.1.129#8085##DEFAULT_GROUP@@service-id-gen","ip":"192.168.1.129","port":8085,"weight":1.0,"healthy":true,"enabled":true,"ephemeral":true,"clusterName":"DEFAULT","serviceName":"DEFAULT_GROUP@@service-id-gen","metadata":{"preserved.register.source":"SPRING_CLOUD"},"ipDeleteTimeout":30000,"instanceHeartBeatInterval":5000,"instanceHeartBeatTimeOut":15000}]
2026-09-21T12:05:25.330+08:00  INFO 6636 --- [service-order] [main] com.alibaba.nacos.client.naming          : current ips:(2) service: DEFAULT_GROUP@@service-id-gen -> [{"instanceId":"192.168.1.129#8084##DEFAULT_GROUP@@service-id-gen","ip":"192.168.1.129","port":8084,"weight":1.0,"healthy":true,"enabled":true,"ephemeral":true,"clusterName":"DEFAULT","serviceName":"DEFAULT_GROUP@@service-id-gen","metadata":{"preserved.register.source":"SPRING_CLOUD"},"ipDeleteTimeout":30000,"instanceHeartBeatInterval":5000,"instanceHeartBeatTimeOut":15000},{"instanceId":"192.168.1.129#8085##DEFAULT_GROUP@@service-id-gen","ip":"192.168.1.129","port":8085,"weight":1.0,"healthy":true,"enabled":true,"ephemeral":true,"clusterName":"DEFAULT","serviceName":"DEFAULT_GROUP@@service-id-gen","metadata":{"preserved.register.source":"SPRING_CLOUD"},"ipDeleteTimeout":30000,"instanceHeartBeatInterval":5000,"instanceHeartBeatTimeOut":15000}]
2026-09-21T12:05:25.387+08:00  INFO 6636 --- [service-order] [main] com.jwy.scd.support.SegmentIdGenerator   : [id-gen-client] 初始化本地号段缓冲：bizTag=order, 首段=[100001, 102000] 剩余 2000/2000
2026-09-21T12:05:25.393+08:00  INFO 6636 --- [service-order] [main] com.jwy.scd.support.SegmentIdGenerator   : [id-gen-client] 号段预热完成：bizTag=order, SegmentBuffer{bizTag=order, current=[100001, 102000] 剩余 2000/2000, next=null, issued=0}
2026-09-21T12:05:25.393+08:00  INFO 6636 --- [service-order] [main] com.jwy.scd.support.IdGenWarmUpRunner    : [id-gen-client] 启动预热结束（bizTag=order），耗时 171 ms；本地缓冲=SegmentBuffer{bizTag=order, current=[100001, 102000] 剩余 2000/2000, next=null, issued=0}
2026-09-21T12:05:25.395+08:00  WARN 6636 --- [service-order] [main] o.s.core.events.SpringDocAppInitializer  : SpringDoc /v3/api-docs endpoint is enabled by default. To disable it in production, set the property 'springdoc.api-docs.enabled=false'
2026-09-21T12:05:25.395+08:00  WARN 6636 --- [service-order] [main] o.s.core.events.SpringDocAppInitializer  : SpringDoc /swagger-ui.html endpoint is enabled by default. To disable it in production, set the property 'springdoc.swagger-ui.enabled=false'
2026-09-21T12:05:25.398+08:00  INFO 6636 --- [service-order] [main] c.a.nacos.client.config.impl.CacheData   : config listener notify warn timeout millis use default 60000 millis 
2026-09-21T12:05:25.398+08:00  INFO 6636 --- [service-order] [main] c.a.nacos.client.config.impl.CacheData   : nacos.cache.data.init.snapshot = true 
2026-09-21T12:05:25.400+08:00  INFO 6636 --- [service-order] [main] c.a.n.client.config.impl.ClientWorker    : [Config-fixed-public-rxs_8848] [subscribe] service-order.yaml+DEFAULT_GROUP+public
2026-09-21T12:05:25.401+08:00  INFO 6636 --- [service-order] [main] c.a.nacos.client.config.impl.CacheData   : [Config-fixed-public-rxs_8848] [add-listener] ok, tenant=public, dataId=service-order.yaml, group=DEFAULT_GROUP, cnt=1
2026-09-21T12:05:25.402+08:00  INFO 6636 --- [service-order] [main] c.a.c.n.refresh.NacosContextRefresher    : [Nacos Config] Listening config: dataId=service-order.yaml, group=DEFAULT_GROUP
2026-09-21T12:05:25.800+08:00  INFO 6636 --- [service-order] [nacos-grpc-client-executor-rxs-16] com.alibaba.nacos.common.remote.client   : [a8d87dbd-6316-4a0e-866a-b94946270fb2] Receive server push request, request = NotifySubscriberRequest, requestId = 76
2026-09-21T12:05:25.801+08:00  INFO 6636 --- [service-order] [nacos-grpc-client-executor-rxs-16] com.alibaba.nacos.common.remote.client   : [a8d87dbd-6316-4a0e-866a-b94946270fb2] Ack server push request, request = NotifySubscriberRequest, requestId = 76
2026-09-21T12:06:24.413+08:00  INFO 6636 --- [service-order] [http-nio-8083-exec-2] o.a.c.c.C.[Tomcat].[localhost].[/]       : Initializing Spring DispatcherServlet 'dispatcherServlet'
2026-09-21T12:06:24.414+08:00  INFO 6636 --- [service-order] [http-nio-8083-exec-2] o.s.web.servlet.DispatcherServlet        : Initializing Servlet 'dispatcherServlet'
2026-09-21T12:06:24.415+08:00  INFO 6636 --- [service-order] [http-nio-8083-exec-2] o.s.web.servlet.DispatcherServlet        : Completed initialization in 1 ms
2026-09-21T12:06:24.651+08:00  INFO 6636 --- [service-order] [http-nio-8083-exec-2] com.zaxxer.hikari.HikariDataSource       : HikariPool-1 - Starting...
2026-09-21T12:06:24.784+08:00  INFO 6636 --- [service-order] [http-nio-8083-exec-2] com.zaxxer.hikari.pool.HikariPool        : HikariPool-1 - Added connection com.mysql.cj.jdbc.ConnectionImpl@8994ce2
2026-09-21T12:06:24.785+08:00  INFO 6636 --- [service-order] [http-nio-8083-exec-2] com.zaxxer.hikari.HikariDataSource       : HikariPool-1 - Start completed.
2026-09-21T12:06:25.784+08:00 DEBUG 6636 --- [service-order] [http-nio-8083-exec-3] com.jwy.scd.api.SysUserApi               : [SysUserApi#getUserById] ---> GET http://service-system/api/sys-user/2 HTTP/1.1
2026-09-21T12:06:25.796+08:00  INFO 6636 --- [service-order] [http-nio-8083-exec-3] com.alibaba.nacos.client.naming          : [SUBSCRIBE-SERVICE] service:service-system, group:DEFAULT_GROUP, clusters: 
2026-09-21T12:06:25.797+08:00  INFO 6636 --- [service-order] [http-nio-8083-exec-3] com.alibaba.nacos.client.naming          : [GRPC-SUBSCRIBE] service:service-system, group:DEFAULT_GROUP, cluster: 
2026-09-21T12:06:25.800+08:00  INFO 6636 --- [service-order] [http-nio-8083-exec-3] com.alibaba.nacos.client.naming          : init new ips(1) service: DEFAULT_GROUP@@service-system -> [{"instanceId":"192.168.1.129#8081##DEFAULT_GROUP@@service-system","ip":"192.168.1.129","port":8081,"weight":1.0,"healthy":true,"enabled":true,"ephemeral":true,"clusterName":"DEFAULT","serviceName":"DEFAULT_GROUP@@service-system","metadata":{"preserved.register.source":"SPRING_CLOUD"},"ipDeleteTimeout":30000,"instanceHeartBeatInterval":5000,"instanceHeartBeatTimeOut":15000}]
2026-09-21T12:06:25.801+08:00  INFO 6636 --- [service-order] [http-nio-8083-exec-3] com.alibaba.nacos.client.naming          : current ips:(1) service: DEFAULT_GROUP@@service-system -> [{"instanceId":"192.168.1.129#8081##DEFAULT_GROUP@@service-system","ip":"192.168.1.129","port":8081,"weight":1.0,"healthy":true,"enabled":true,"ephemeral":true,"clusterName":"DEFAULT","serviceName":"DEFAULT_GROUP@@service-system","metadata":{"preserved.register.source":"SPRING_CLOUD"},"ipDeleteTimeout":30000,"instanceHeartBeatInterval":5000,"instanceHeartBeatTimeOut":15000}]
2026-09-21T12:06:25.817+08:00 DEBUG 6636 --- [service-order] [http-nio-8083-exec-3] com.jwy.scd.api.SysUserApi               : [SysUserApi#getUserById] <--- HTTP/1.1 200 (33ms)
2026-09-21T12:06:25.823+08:00  INFO 6636 --- [service-order] [http-nio-8083-exec-3] c.jwy.scd.service.impl.OrderServiceImpl  : Feign 调用成功：userId=2, username=zhangsan, nickname=张三
2026-09-21T12:06:25.847+08:00  INFO 6636 --- [service-order] [http-nio-8083-exec-3] c.jwy.scd.service.impl.OrderServiceImpl  : 下单成功：orderNo=SO20260921100001, userId=2, 明细 1 条, 总金额 129.00
2026-09-21T12:06:25.879+08:00 DEBUG 6636 --- [service-order] [http-nio-8083-exec-8] com.jwy.scd.api.SysUserApi               : [SysUserApi#getUserById] ---> GET http://service-system/api/sys-user/2 HTTP/1.1
2026-09-21T12:06:25.879+08:00 DEBUG 6636 --- [service-order] [http-nio-8083-exec-5] com.jwy.scd.api.SysUserApi               : [SysUserApi#getUserById] ---> GET http://service-system/api/sys-user/2 HTTP/1.1
2026-09-21T12:06:25.881+08:00 DEBUG 6636 --- [service-order] [http-nio-8083-exec-6] com.jwy.scd.api.SysUserApi               : [SysUserApi#getUserById] ---> GET http://service-system/api/sys-user/2 HTTP/1.1
2026-09-21T12:06:25.882+08:00 DEBUG 6636 --- [service-order] [http-nio-8083-exec-7] com.jwy.scd.api.SysUserApi               : [SysUserApi#getUserById] ---> GET http://service-system/api/sys-user/2 HTTP/1.1
2026-09-21T12:06:25.882+08:00 DEBUG 6636 --- [service-order] [http-nio-8083-exec-4] com.jwy.scd.api.SysUserApi               : [SysUserApi#getUserById] ---> GET http://service-system/api/sys-user/2 HTTP/1.1
2026-09-21T12:06:25.886+08:00 DEBUG 6636 --- [service-order] [http-nio-8083-exec-5] com.jwy.scd.api.SysUserApi               : [SysUserApi#getUserById] <--- HTTP/1.1 200 (5ms)
2026-09-21T12:06:25.887+08:00 DEBUG 6636 --- [service-order] [http-nio-8083-exec-8] com.jwy.scd.api.SysUserApi               : [SysUserApi#getUserById] <--- HTTP/1.1 200 (7ms)
2026-09-21T12:06:25.887+08:00  INFO 6636 --- [service-order] [http-nio-8083-exec-5] c.jwy.scd.service.impl.OrderServiceImpl  : Feign 调用成功：userId=2, username=zhangsan, nickname=张三
2026-09-21T12:06:25.887+08:00  INFO 6636 --- [service-order] [http-nio-8083-exec-8] c.jwy.scd.service.impl.OrderServiceImpl  : Feign 调用成功：userId=2, username=zhangsan, nickname=张三
2026-09-21T12:06:25.888+08:00 DEBUG 6636 --- [service-order] [http-nio-8083-exec-6] com.jwy.scd.api.SysUserApi               : [SysUserApi#getUserById] <--- HTTP/1.1 200 (6ms)
2026-09-21T12:06:25.888+08:00 DEBUG 6636 --- [service-order] [http-nio-8083-exec-4] com.jwy.scd.api.SysUserApi               : [SysUserApi#getUserById] <--- HTTP/1.1 200 (5ms)
2026-09-21T12:06:25.889+08:00 DEBUG 6636 --- [service-order] [http-nio-8083-exec-7] com.jwy.scd.api.SysUserApi               : [SysUserApi#getUserById] <--- HTTP/1.1 200 (5ms)
2026-09-21T12:06:25.889+08:00  INFO 6636 --- [service-order] [http-nio-8083-exec-7] c.jwy.scd.service.impl.OrderServiceImpl  : Feign 调用成功：userId=2, username=zhangsan, nickname=张三
2026-09-21T12:06:25.889+08:00  INFO 6636 --- [service-order] [http-nio-8083-exec-4] c.jwy.scd.service.impl.OrderServiceImpl  : Feign 调用成功：userId=2, username=zhangsan, nickname=张三
2026-09-21T12:06:25.889+08:00  INFO 6636 --- [service-order] [http-nio-8083-exec-6] c.jwy.scd.service.impl.OrderServiceImpl  : Feign 调用成功：userId=2, username=zhangsan, nickname=张三
2026-09-21T12:06:25.905+08:00  INFO 6636 --- [service-order] [http-nio-8083-exec-5] c.jwy.scd.service.impl.OrderServiceImpl  : 下单成功：orderNo=SO20260921100002, userId=2, 明细 1 条, 总金额 129.00
2026-09-21T12:06:25.919+08:00 DEBUG 6636 --- [service-order] [http-nio-8083-exec-9] com.jwy.scd.api.SysUserApi               : [SysUserApi#getUserById] ---> GET http://service-system/api/sys-user/2 HTTP/1.1
2026-09-21T12:06:25.920+08:00  INFO 6636 --- [service-order] [http-nio-8083-exec-8] c.jwy.scd.service.impl.OrderServiceImpl  : 下单成功：orderNo=SO20260921100003, userId=2, 明细 1 条, 总金额 129.00
2026-09-21T12:06:25.924+08:00 DEBUG 6636 --- [service-order] [http-nio-8083-exec-9] com.jwy.scd.api.SysUserApi               : [SysUserApi#getUserById] <--- HTTP/1.1 200 (5ms)
2026-09-21T12:06:25.925+08:00  INFO 6636 --- [service-order] [http-nio-8083-exec-9] c.jwy.scd.service.impl.OrderServiceImpl  : Feign 调用成功：userId=2, username=zhangsan, nickname=张三
2026-09-21T12:06:25.932+08:00 DEBUG 6636 --- [service-order] [http-nio-8083-exec-10] com.jwy.scd.api.SysUserApi               : [SysUserApi#getUserById] ---> GET http://service-system/api/sys-user/2 HTTP/1.1
2026-09-21T12:06:25.933+08:00  INFO 6636 --- [service-order] [http-nio-8083-exec-4] c.jwy.scd.service.impl.OrderServiceImpl  : 下单成功：orderNo=SO20260921100004, userId=2, 明细 1 条, 总金额 129.00
2026-09-21T12:06:25.937+08:00 DEBUG 6636 --- [service-order] [http-nio-8083-exec-10] com.jwy.scd.api.SysUserApi               : [SysUserApi#getUserById] <--- HTTP/1.1 200 (4ms)
2026-09-21T12:06:25.938+08:00  INFO 6636 --- [service-order] [http-nio-8083-exec-10] c.jwy.scd.service.impl.OrderServiceImpl  : Feign 调用成功：userId=2, username=zhangsan, nickname=张三
2026-09-21T12:06:25.947+08:00 DEBUG 6636 --- [service-order] [http-nio-8083-exec-1] com.jwy.scd.api.SysUserApi               : [SysUserApi#getUserById] ---> GET http://service-system/api/sys-user/2 HTTP/1.1
2026-09-21T12:06:25.948+08:00  INFO 6636 --- [service-order] [http-nio-8083-exec-6] c.jwy.scd.service.impl.OrderServiceImpl  : 下单成功：orderNo=SO20260921100005, userId=2, 明细 1 条, 总金额 129.00
2026-09-21T12:06:25.952+08:00 DEBUG 6636 --- [service-order] [http-nio-8083-exec-1] com.jwy.scd.api.SysUserApi               : [SysUserApi#getUserById] <--- HTTP/1.1 200 (4ms)
2026-09-21T12:06:25.953+08:00  INFO 6636 --- [service-order] [http-nio-8083-exec-1] c.jwy.scd.service.impl.OrderServiceImpl  : Feign 调用成功：userId=2, username=zhangsan, nickname=张三
2026-09-21T12:06:25.962+08:00 DEBUG 6636 --- [service-order] [http-nio-8083-exec-2] com.jwy.scd.api.SysUserApi               : [SysUserApi#getUserById] ---> GET http://service-system/api/sys-user/2 HTTP/1.1
2026-09-21T12:06:25.965+08:00  INFO 6636 --- [service-order] [http-nio-8083-exec-7] c.jwy.scd.service.impl.OrderServiceImpl  : 下单成功：orderNo=SO20260921100006, userId=2, 明细 1 条, 总金额 129.00
2026-09-21T12:06:25.967+08:00 DEBUG 6636 --- [service-order] [http-nio-8083-exec-2] com.jwy.scd.api.SysUserApi               : [SysUserApi#getUserById] <--- HTTP/1.1 200 (4ms)
2026-09-21T12:06:25.968+08:00  INFO 6636 --- [service-order] [http-nio-8083-exec-2] c.jwy.scd.service.impl.OrderServiceImpl  : Feign 调用成功：userId=2, username=zhangsan, nickname=张三
2026-09-21T12:06:25.977+08:00  INFO 6636 --- [service-order] [http-nio-8083-exec-9] c.jwy.scd.service.impl.OrderServiceImpl  : 下单成功：orderNo=SO20260921100007, userId=2, 明细 1 条, 总金额 129.00
2026-09-21T12:06:25.978+08:00 DEBUG 6636 --- [service-order] [http-nio-8083-exec-3] com.jwy.scd.api.SysUserApi               : [SysUserApi#getUserById] ---> GET http://service-system/api/sys-user/2 HTTP/1.1
2026-09-21T12:06:25.984+08:00 DEBUG 6636 --- [service-order] [http-nio-8083-exec-3] com.jwy.scd.api.SysUserApi               : [SysUserApi#getUserById] <--- HTTP/1.1 200 (4ms)
2026-09-21T12:06:25.985+08:00  INFO 6636 --- [service-order] [http-nio-8083-exec-3] c.jwy.scd.service.impl.OrderServiceImpl  : Feign 调用成功：userId=2, username=zhangsan, nickname=张三
2026-09-21T12:06:25.992+08:00 DEBUG 6636 --- [service-order] [http-nio-8083-exec-5] com.jwy.scd.api.SysUserApi               : [SysUserApi#getUserById] ---> GET http://service-system/api/sys-user/2 HTTP/1.1
2026-09-21T12:06:25.994+08:00  INFO 6636 --- [service-order] [http-nio-8083-exec-10] c.jwy.scd.service.impl.OrderServiceImpl  : 下单成功：orderNo=SO20260921100008, userId=2, 明细 1 条, 总金额 129.00
2026-09-21T12:06:25.997+08:00 DEBUG 6636 --- [service-order] [http-nio-8083-exec-5] com.jwy.scd.api.SysUserApi               : [SysUserApi#getUserById] <--- HTTP/1.1 200 (4ms)
2026-09-21T12:06:25.998+08:00  INFO 6636 --- [service-order] [http-nio-8083-exec-5] c.jwy.scd.service.impl.OrderServiceImpl  : Feign 调用成功：userId=2, username=zhangsan, nickname=张三
2026-09-21T12:06:26.007+08:00  INFO 6636 --- [service-order] [http-nio-8083-exec-1] c.jwy.scd.service.impl.OrderServiceImpl  : 下单成功：orderNo=SO20260921100009, userId=2, 明细 1 条, 总金额 129.00
2026-09-21T12:06:26.007+08:00 DEBUG 6636 --- [service-order] [http-nio-8083-exec-8] com.jwy.scd.api.SysUserApi               : [SysUserApi#getUserById] ---> GET http://service-system/api/sys-user/2 HTTP/1.1
2026-09-21T12:06:26.012+08:00 DEBUG 6636 --- [service-order] [http-nio-8083-exec-8] com.jwy.scd.api.SysUserApi               : [SysUserApi#getUserById] <--- HTTP/1.1 200 (4ms)
2026-09-21T12:06:26.012+08:00  INFO 6636 --- [service-order] [http-nio-8083-exec-8] c.jwy.scd.service.impl.OrderServiceImpl  : Feign 调用成功：userId=2, username=zhangsan, nickname=张三
2026-09-21T12:06:26.026+08:00 DEBUG 6636 --- [service-order] [http-nio-8083-exec-4] com.jwy.scd.api.SysUserApi               : [SysUserApi#getUserById] ---> GET http://service-system/api/sys-user/2 HTTP/1.1
2026-09-21T12:06:26.027+08:00  INFO 6636 --- [service-order] [http-nio-8083-exec-2] c.jwy.scd.service.impl.OrderServiceImpl  : 下单成功：orderNo=SO20260921100010, userId=2, 明细 1 条, 总金额 129.00
2026-09-21T12:06:26.032+08:00 DEBUG 6636 --- [service-order] [http-nio-8083-exec-4] com.jwy.scd.api.SysUserApi               : [SysUserApi#getUserById] <--- HTTP/1.1 200 (4ms)
2026-09-21T12:06:26.032+08:00  INFO 6636 --- [service-order] [http-nio-8083-exec-4] c.jwy.scd.service.impl.OrderServiceImpl  : Feign 调用成功：userId=2, username=zhangsan, nickname=张三
2026-09-21T12:06:26.040+08:00 DEBUG 6636 --- [service-order] [http-nio-8083-exec-6] com.jwy.scd.api.SysUserApi               : [SysUserApi#getUserById] ---> GET http://service-system/api/sys-user/2 HTTP/1.1
2026-09-21T12:06:26.041+08:00  INFO 6636 --- [service-order] [http-nio-8083-exec-3] c.jwy.scd.service.impl.OrderServiceImpl  : 下单成功：orderNo=SO20260921100011, userId=2, 明细 1 条, 总金额 129.00
2026-09-21T12:06:26.045+08:00 DEBUG 6636 --- [service-order] [http-nio-8083-exec-6] com.jwy.scd.api.SysUserApi               : [SysUserApi#getUserById] <--- HTTP/1.1 200 (4ms)
2026-09-21T12:06:26.046+08:00  INFO 6636 --- [service-order] [http-nio-8083-exec-6] c.jwy.scd.service.impl.OrderServiceImpl  : Feign 调用成功：userId=2, username=zhangsan, nickname=张三
2026-09-21T12:06:26.066+08:00 DEBUG 6636 --- [service-order] [http-nio-8083-exec-7] com.jwy.scd.api.SysUserApi               : [SysUserApi#getUserById] ---> GET http://service-system/api/sys-user/2 HTTP/1.1
2026-09-21T12:06:26.071+08:00 DEBUG 6636 --- [service-order] [http-nio-8083-exec-7] com.jwy.scd.api.SysUserApi               : [SysUserApi#getUserById] <--- HTTP/1.1 200 (4ms)
2026-09-21T12:06:26.072+08:00  INFO 6636 --- [service-order] [http-nio-8083-exec-7] c.jwy.scd.service.impl.OrderServiceImpl  : Feign 调用成功：userId=2, username=zhangsan, nickname=张三
2026-09-21T12:06:26.075+08:00  INFO 6636 --- [service-order] [http-nio-8083-exec-5] c.jwy.scd.service.impl.OrderServiceImpl  : 下单成功：orderNo=SO20260921100012, userId=2, 明细 1 条, 总金额 129.00
2026-09-21T12:06:26.091+08:00 DEBUG 6636 --- [service-order] [http-nio-8083-exec-9] com.jwy.scd.api.SysUserApi               : [SysUserApi#getUserById] ---> GET http://service-system/api/sys-user/2 HTTP/1.1
2026-09-21T12:06:26.091+08:00  INFO 6636 --- [service-order] [http-nio-8083-exec-8] c.jwy.scd.service.impl.OrderServiceImpl  : 下单成功：orderNo=SO20260921100013, userId=2, 明细 1 条, 总金额 129.00
2026-09-21T12:06:26.096+08:00 DEBUG 6636 --- [service-order] [http-nio-8083-exec-9] com.jwy.scd.api.SysUserApi               : [SysUserApi#getUserById] <--- HTTP/1.1 200 (5ms)
2026-09-21T12:06:26.097+08:00  INFO 6636 --- [service-order] [http-nio-8083-exec-9] c.jwy.scd.service.impl.OrderServiceImpl  : Feign 调用成功：userId=2, username=zhangsan, nickname=张三
2026-09-21T12:06:26.121+08:00  INFO 6636 --- [service-order] [http-nio-8083-exec-4] c.jwy.scd.service.impl.OrderServiceImpl  : 下单成功：orderNo=SO20260921100014, userId=2, 明细 1 条, 总金额 129.00
2026-09-21T12:06:26.121+08:00 DEBUG 6636 --- [service-order] [http-nio-8083-exec-10] com.jwy.scd.api.SysUserApi               : [SysUserApi#getUserById] ---> GET http://service-system/api/sys-user/2 HTTP/1.1
2026-09-21T12:06:26.125+08:00 DEBUG 6636 --- [service-order] [http-nio-8083-exec-10] com.jwy.scd.api.SysUserApi               : [SysUserApi#getUserById] <--- HTTP/1.1 200 (4ms)
2026-09-21T12:06:26.126+08:00  INFO 6636 --- [service-order] [http-nio-8083-exec-10] c.jwy.scd.service.impl.OrderServiceImpl  : Feign 调用成功：userId=2, username=zhangsan, nickname=张三
2026-09-21T12:06:26.138+08:00 DEBUG 6636 --- [service-order] [http-nio-8083-exec-1] com.jwy.scd.api.SysUserApi               : [SysUserApi#getUserById] ---> GET http://service-system/api/sys-user/2 HTTP/1.1
2026-09-21T12:06:26.138+08:00  INFO 6636 --- [service-order] [http-nio-8083-exec-6] c.jwy.scd.service.impl.OrderServiceImpl  : 下单成功：orderNo=SO20260921100015, userId=2, 明细 1 条, 总金额 129.00
2026-09-21T12:06:26.143+08:00 DEBUG 6636 --- [service-order] [http-nio-8083-exec-1] com.jwy.scd.api.SysUserApi               : [SysUserApi#getUserById] <--- HTTP/1.1 200 (4ms)
2026-09-21T12:06:26.144+08:00  INFO 6636 --- [service-order] [http-nio-8083-exec-1] c.jwy.scd.service.impl.OrderServiceImpl  : Feign 调用成功：userId=2, username=zhangsan, nickname=张三
2026-09-21T12:06:26.153+08:00 DEBUG 6636 --- [service-order] [http-nio-8083-exec-2] com.jwy.scd.api.SysUserApi               : [SysUserApi#getUserById] ---> GET http://service-system/api/sys-user/2 HTTP/1.1
2026-09-21T12:06:26.153+08:00  INFO 6636 --- [service-order] [http-nio-8083-exec-7] c.jwy.scd.service.impl.OrderServiceImpl  : 下单成功：orderNo=SO20260921100016, userId=2, 明细 1 条, 总金额 129.00
2026-09-21T12:06:26.158+08:00 DEBUG 6636 --- [service-order] [http-nio-8083-exec-2] com.jwy.scd.api.SysUserApi               : [SysUserApi#getUserById] <--- HTTP/1.1 200 (4ms)
2026-09-21T12:06:26.159+08:00  INFO 6636 --- [service-order] [http-nio-8083-exec-2] c.jwy.scd.service.impl.OrderServiceImpl  : Feign 调用成功：userId=2, username=zhangsan, nickname=张三
2026-09-21T12:06:26.169+08:00 DEBUG 6636 --- [service-order] [http-nio-8083-exec-3] com.jwy.scd.api.SysUserApi               : [SysUserApi#getUserById] ---> GET http://service-system/api/sys-user/2 HTTP/1.1
2026-09-21T12:06:26.169+08:00  INFO 6636 --- [service-order] [http-nio-8083-exec-9] c.jwy.scd.service.impl.OrderServiceImpl  : 下单成功：orderNo=SO20260921100017, userId=2, 明细 1 条, 总金额 129.00
2026-09-21T12:06:26.175+08:00 DEBUG 6636 --- [service-order] [http-nio-8083-exec-3] com.jwy.scd.api.SysUserApi               : [SysUserApi#getUserById] <--- HTTP/1.1 200 (4ms)
2026-09-21T12:06:26.175+08:00  INFO 6636 --- [service-order] [http-nio-8083-exec-3] c.jwy.scd.service.impl.OrderServiceImpl  : Feign 调用成功：userId=2, username=zhangsan, nickname=张三
2026-09-21T12:06:26.183+08:00 DEBUG 6636 --- [service-order] [http-nio-8083-exec-5] com.jwy.scd.api.SysUserApi               : [SysUserApi#getUserById] ---> GET http://service-system/api/sys-user/2 HTTP/1.1
2026-09-21T12:06:26.183+08:00  INFO 6636 --- [service-order] [http-nio-8083-exec-10] c.jwy.scd.service.impl.OrderServiceImpl  : 下单成功：orderNo=SO20260921100018, userId=2, 明细 1 条, 总金额 129.00
2026-09-21T12:06:26.187+08:00 DEBUG 6636 --- [service-order] [http-nio-8083-exec-5] com.jwy.scd.api.SysUserApi               : [SysUserApi#getUserById] <--- HTTP/1.1 200 (4ms)
2026-09-21T12:06:26.188+08:00  INFO 6636 --- [service-order] [http-nio-8083-exec-5] c.jwy.scd.service.impl.OrderServiceImpl  : Feign 调用成功：userId=2, username=zhangsan, nickname=张三
2026-09-21T12:06:26.196+08:00 DEBUG 6636 --- [service-order] [http-nio-8083-exec-8] com.jwy.scd.api.SysUserApi               : [SysUserApi#getUserById] ---> GET http://service-system/api/sys-user/2 HTTP/1.1
2026-09-21T12:06:26.197+08:00  INFO 6636 --- [service-order] [http-nio-8083-exec-1] c.jwy.scd.service.impl.OrderServiceImpl  : 下单成功：orderNo=SO20260921100019, userId=2, 明细 1 条, 总金额 129.00
2026-09-21T12:06:26.201+08:00 DEBUG 6636 --- [service-order] [http-nio-8083-exec-8] com.jwy.scd.api.SysUserApi               : [SysUserApi#getUserById] <--- HTTP/1.1 200 (4ms)
2026-09-21T12:06:26.201+08:00  INFO 6636 --- [service-order] [http-nio-8083-exec-8] c.jwy.scd.service.impl.OrderServiceImpl  : Feign 调用成功：userId=2, username=zhangsan, nickname=张三
2026-09-21T12:06:26.209+08:00 DEBUG 6636 --- [service-order] [http-nio-8083-exec-4] com.jwy.scd.api.SysUserApi               : [SysUserApi#getUserById] ---> GET http://service-system/api/sys-user/2 HTTP/1.1
2026-09-21T12:06:26.210+08:00  INFO 6636 --- [service-order] [http-nio-8083-exec-2] c.jwy.scd.service.impl.OrderServiceImpl  : 下单成功：orderNo=SO20260921100020, userId=2, 明细 1 条, 总金额 129.00
2026-09-21T12:06:26.214+08:00 DEBUG 6636 --- [service-order] [http-nio-8083-exec-4] com.jwy.scd.api.SysUserApi               : [SysUserApi#getUserById] <--- HTTP/1.1 200 (4ms)
2026-09-21T12:06:26.214+08:00  INFO 6636 --- [service-order] [http-nio-8083-exec-4] c.jwy.scd.service.impl.OrderServiceImpl  : Feign 调用成功：userId=2, username=zhangsan, nickname=张三
2026-09-21T12:06:26.228+08:00 DEBUG 6636 --- [service-order] [http-nio-8083-exec-6] com.jwy.scd.api.SysUserApi               : [SysUserApi#getUserById] ---> GET http://service-system/api/sys-user/2 HTTP/1.1
2026-09-21T12:06:26.228+08:00  INFO 6636 --- [service-order] [http-nio-8083-exec-3] c.jwy.scd.service.impl.OrderServiceImpl  : 下单成功：orderNo=SO20260921100021, userId=2, 明细 1 条, 总金额 129.00
2026-09-21T12:06:26.232+08:00 DEBUG 6636 --- [service-order] [http-nio-8083-exec-6] com.jwy.scd.api.SysUserApi               : [SysUserApi#getUserById] <--- HTTP/1.1 200 (4ms)
2026-09-21T12:06:26.234+08:00  INFO 6636 --- [service-order] [http-nio-8083-exec-6] c.jwy.scd.service.impl.OrderServiceImpl  : Feign 调用成功：userId=2, username=zhangsan, nickname=张三
2026-09-21T12:06:26.248+08:00  INFO 6636 --- [service-order] [http-nio-8083-exec-5] c.jwy.scd.service.impl.OrderServiceImpl  : 下单成功：orderNo=SO20260921100022, userId=2, 明细 1 条, 总金额 129.00
2026-09-21T12:06:26.263+08:00  INFO 6636 --- [service-order] [http-nio-8083-exec-8] c.jwy.scd.service.impl.OrderServiceImpl  : 下单成功：orderNo=SO20260921100023, userId=2, 明细 1 条, 总金额 129.00
2026-09-21T12:06:26.278+08:00  INFO 6636 --- [service-order] [http-nio-8083-exec-4] c.jwy.scd.service.impl.OrderServiceImpl  : 下单成功：orderNo=SO20260921100024, userId=2, 明细 1 条, 总金额 129.00
2026-09-21T12:06:26.299+08:00  INFO 6636 --- [service-order] [http-nio-8083-exec-6] c.jwy.scd.service.impl.OrderServiceImpl  : 下单成功：orderNo=SO20260921100025, userId=2, 明细 1 条, 总金额 129.00
2026-09-21T12:06:26.382+08:00  INFO 6636 --- [service-order] [nacos-grpc-client-executor-rxs-22] com.alibaba.nacos.common.remote.client   : [a8d87dbd-6316-4a0e-866a-b94946270fb2] Receive server push request, request = NotifySubscriberRequest, requestId = 80
2026-09-21T12:06:26.383+08:00  INFO 6636 --- [service-order] [nacos-grpc-client-executor-rxs-22] com.alibaba.nacos.common.remote.client   : [a8d87dbd-6316-4a0e-866a-b94946270fb2] Ack server push request, request = NotifySubscriberRequest, requestId = 80
2026-09-21T12:07:05.661+08:00 DEBUG 6636 --- [service-order] [http-nio-8083-exec-9] com.jwy.scd.api.SysUserApi               : [SysUserApi#getUserById] ---> GET http://service-system/api/sys-user/2 HTTP/1.1
2026-09-21T12:07:05.669+08:00 DEBUG 6636 --- [service-order] [http-nio-8083-exec-9] com.jwy.scd.api.SysUserApi               : [SysUserApi#getUserById] <--- HTTP/1.1 200 (7ms)
2026-09-21T12:07:05.670+08:00  INFO 6636 --- [service-order] [http-nio-8083-exec-9] c.jwy.scd.service.impl.OrderServiceImpl  : Feign 调用成功：userId=2, username=zhangsan, nickname=张三
2026-09-21T12:07:05.684+08:00  INFO 6636 --- [service-order] [http-nio-8083-exec-9] c.jwy.scd.service.impl.OrderServiceImpl  : 下单成功：orderNo=SO20260921100026, userId=2, 明细 1 条, 总金额 129.00
2026-09-21T12:07:05.714+08:00 DEBUG 6636 --- [service-order] [http-nio-8083-exec-10] com.jwy.scd.api.SysUserApi               : [SysUserApi#getUserById] ---> GET http://service-system/api/sys-user/2 HTTP/1.1
2026-09-21T12:07:05.719+08:00 DEBUG 6636 --- [service-order] [http-nio-8083-exec-5] com.jwy.scd.api.SysUserApi               : [SysUserApi#getUserById] ---> GET http://service-system/api/sys-user/2 HTTP/1.1
2026-09-21T12:07:05.719+08:00 DEBUG 6636 --- [service-order] [http-nio-8083-exec-1] com.jwy.scd.api.SysUserApi               : [SysUserApi#getUserById] ---> GET http://service-system/api/sys-user/2 HTTP/1.1
2026-09-21T12:07:05.720+08:00 DEBUG 6636 --- [service-order] [http-nio-8083-exec-3] com.jwy.scd.api.SysUserApi               : [SysUserApi#getUserById] ---> GET http://service-system/api/sys-user/2 HTTP/1.1
2026-09-21T12:07:05.720+08:00 DEBUG 6636 --- [service-order] [http-nio-8083-exec-2] com.jwy.scd.api.SysUserApi               : [SysUserApi#getUserById] ---> GET http://service-system/api/sys-user/2 HTTP/1.1
2026-09-21T12:07:05.726+08:00 DEBUG 6636 --- [service-order] [http-nio-8083-exec-2] com.jwy.scd.api.SysUserApi               : [SysUserApi#getUserById] <--- HTTP/1.1 200 (6ms)
2026-09-21T12:07:05.727+08:00  INFO 6636 --- [service-order] [http-nio-8083-exec-2] c.jwy.scd.service.impl.OrderServiceImpl  : Feign 调用成功：userId=2, username=zhangsan, nickname=张三
2026-09-21T12:07:05.730+08:00 DEBUG 6636 --- [service-order] [http-nio-8083-exec-5] com.jwy.scd.api.SysUserApi               : [SysUserApi#getUserById] <--- HTTP/1.1 200 (11ms)
2026-09-21T12:07:05.730+08:00 DEBUG 6636 --- [service-order] [http-nio-8083-exec-3] com.jwy.scd.api.SysUserApi               : [SysUserApi#getUserById] <--- HTTP/1.1 200 (10ms)
2026-09-21T12:07:05.730+08:00  INFO 6636 --- [service-order] [http-nio-8083-exec-3] c.jwy.scd.service.impl.OrderServiceImpl  : Feign 调用成功：userId=2, username=zhangsan, nickname=张三
2026-09-21T12:07:05.730+08:00  INFO 6636 --- [service-order] [http-nio-8083-exec-5] c.jwy.scd.service.impl.OrderServiceImpl  : Feign 调用成功：userId=2, username=zhangsan, nickname=张三
2026-09-21T12:07:05.732+08:00 DEBUG 6636 --- [service-order] [http-nio-8083-exec-10] com.jwy.scd.api.SysUserApi               : [SysUserApi#getUserById] <--- HTTP/1.1 200 (17ms)
2026-09-21T12:07:05.732+08:00  INFO 6636 --- [service-order] [http-nio-8083-exec-10] c.jwy.scd.service.impl.OrderServiceImpl  : Feign 调用成功：userId=2, username=zhangsan, nickname=张三
2026-09-21T12:07:05.733+08:00 DEBUG 6636 --- [service-order] [http-nio-8083-exec-1] com.jwy.scd.api.SysUserApi               : [SysUserApi#getUserById] <--- HTTP/1.1 200 (14ms)
2026-09-21T12:07:05.734+08:00  INFO 6636 --- [service-order] [http-nio-8083-exec-1] c.jwy.scd.service.impl.OrderServiceImpl  : Feign 调用成功：userId=2, username=zhangsan, nickname=张三
2026-09-21T12:07:05.745+08:00  INFO 6636 --- [service-order] [http-nio-8083-exec-2] c.jwy.scd.service.impl.OrderServiceImpl  : 下单成功：orderNo=SO20260921100027, userId=2, 明细 1 条, 总金额 129.00
2026-09-21T12:07:05.761+08:00 DEBUG 6636 --- [service-order] [http-nio-8083-exec-8] com.jwy.scd.api.SysUserApi               : [SysUserApi#getUserById] ---> GET http://service-system/api/sys-user/2 HTTP/1.1
2026-09-21T12:07:05.764+08:00  INFO 6636 --- [service-order] [http-nio-8083-exec-3] c.jwy.scd.service.impl.OrderServiceImpl  : 下单成功：orderNo=SO20260921100028, userId=2, 明细 1 条, 总金额 129.00
2026-09-21T12:07:05.766+08:00 DEBUG 6636 --- [service-order] [http-nio-8083-exec-8] com.jwy.scd.api.SysUserApi               : [SysUserApi#getUserById] <--- HTTP/1.1 200 (4ms)
2026-09-21T12:07:05.766+08:00  INFO 6636 --- [service-order] [http-nio-8083-exec-8] c.jwy.scd.service.impl.OrderServiceImpl  : Feign 调用成功：userId=2, username=zhangsan, nickname=张三
2026-09-21T12:07:05.782+08:00 DEBUG 6636 --- [service-order] [http-nio-8083-exec-4] com.jwy.scd.api.SysUserApi               : [SysUserApi#getUserById] ---> GET http://service-system/api/sys-user/2 HTTP/1.1
2026-09-21T12:07:05.787+08:00  INFO 6636 --- [service-order] [http-nio-8083-exec-5] c.jwy.scd.service.impl.OrderServiceImpl  : 下单成功：orderNo=SO20260921100029, userId=2, 明细 1 条, 总金额 129.00
2026-09-21T12:07:05.787+08:00 DEBUG 6636 --- [service-order] [http-nio-8083-exec-4] com.jwy.scd.api.SysUserApi               : [SysUserApi#getUserById] <--- HTTP/1.1 200 (5ms)
2026-09-21T12:07:05.789+08:00  INFO 6636 --- [service-order] [http-nio-8083-exec-4] c.jwy.scd.service.impl.OrderServiceImpl  : Feign 调用成功：userId=2, username=zhangsan, nickname=张三
2026-09-21T12:07:05.807+08:00 DEBUG 6636 --- [service-order] [http-nio-8083-exec-6] com.jwy.scd.api.SysUserApi               : [SysUserApi#getUserById] ---> GET http://service-system/api/sys-user/2 HTTP/1.1
2026-09-21T12:07:05.809+08:00  INFO 6636 --- [service-order] [http-nio-8083-exec-10] c.jwy.scd.service.impl.OrderServiceImpl  : 下单成功：orderNo=SO20260921100030, userId=2, 明细 1 条, 总金额 129.00
2026-09-21T12:07:05.812+08:00 DEBUG 6636 --- [service-order] [http-nio-8083-exec-6] com.jwy.scd.api.SysUserApi               : [SysUserApi#getUserById] <--- HTTP/1.1 200 (4ms)
2026-09-21T12:07:05.813+08:00  INFO 6636 --- [service-order] [http-nio-8083-exec-6] c.jwy.scd.service.impl.OrderServiceImpl  : Feign 调用成功：userId=2, username=zhangsan, nickname=张三
2026-09-21T12:07:05.826+08:00 DEBUG 6636 --- [service-order] [http-nio-8083-exec-7] com.jwy.scd.api.SysUserApi               : [SysUserApi#getUserById] ---> GET http://service-system/api/sys-user/2 HTTP/1.1
2026-09-21T12:07:05.829+08:00  INFO 6636 --- [service-order] [http-nio-8083-exec-1] c.jwy.scd.service.impl.OrderServiceImpl  : 下单成功：orderNo=SO20260921100031, userId=2, 明细 1 条, 总金额 129.00
2026-09-21T12:07:05.832+08:00 DEBUG 6636 --- [service-order] [http-nio-8083-exec-7] com.jwy.scd.api.SysUserApi               : [SysUserApi#getUserById] <--- HTTP/1.1 200 (5ms)
2026-09-21T12:07:05.832+08:00  INFO 6636 --- [service-order] [http-nio-8083-exec-7] c.jwy.scd.service.impl.OrderServiceImpl  : Feign 调用成功：userId=2, username=zhangsan, nickname=张三
2026-09-21T12:07:05.847+08:00 DEBUG 6636 --- [service-order] [http-nio-8083-exec-9] com.jwy.scd.api.SysUserApi               : [SysUserApi#getUserById] ---> GET http://service-system/api/sys-user/2 HTTP/1.1
2026-09-21T12:07:05.847+08:00  INFO 6636 --- [service-order] [http-nio-8083-exec-8] c.jwy.scd.service.impl.OrderServiceImpl  : 下单成功：orderNo=SO20260921100032, userId=2, 明细 1 条, 总金额 129.00
2026-09-21T12:07:05.851+08:00 DEBUG 6636 --- [service-order] [http-nio-8083-exec-9] com.jwy.scd.api.SysUserApi               : [SysUserApi#getUserById] <--- HTTP/1.1 200 (4ms)
2026-09-21T12:07:05.852+08:00  INFO 6636 --- [service-order] [http-nio-8083-exec-9] c.jwy.scd.service.impl.OrderServiceImpl  : Feign 调用成功：userId=2, username=zhangsan, nickname=张三
2026-09-21T12:07:05.870+08:00 DEBUG 6636 --- [service-order] [http-nio-8083-exec-2] com.jwy.scd.api.SysUserApi               : [SysUserApi#getUserById] ---> GET http://service-system/api/sys-user/2 HTTP/1.1
2026-09-21T12:07:05.872+08:00  INFO 6636 --- [service-order] [http-nio-8083-exec-4] c.jwy.scd.service.impl.OrderServiceImpl  : 下单成功：orderNo=SO20260921100033, userId=2, 明细 1 条, 总金额 129.00
2026-09-21T12:07:05.875+08:00 DEBUG 6636 --- [service-order] [http-nio-8083-exec-2] com.jwy.scd.api.SysUserApi               : [SysUserApi#getUserById] <--- HTTP/1.1 200 (4ms)
2026-09-21T12:07:05.875+08:00  INFO 6636 --- [service-order] [http-nio-8083-exec-2] c.jwy.scd.service.impl.OrderServiceImpl  : Feign 调用成功：userId=2, username=zhangsan, nickname=张三
2026-09-21T12:07:05.887+08:00 DEBUG 6636 --- [service-order] [http-nio-8083-exec-3] com.jwy.scd.api.SysUserApi               : [SysUserApi#getUserById] ---> GET http://service-system/api/sys-user/2 HTTP/1.1
2026-09-21T12:07:05.890+08:00  INFO 6636 --- [service-order] [http-nio-8083-exec-6] c.jwy.scd.service.impl.OrderServiceImpl  : 下单成功：orderNo=SO20260921100034, userId=2, 明细 1 条, 总金额 129.00
2026-09-21T12:07:05.893+08:00 DEBUG 6636 --- [service-order] [http-nio-8083-exec-3] com.jwy.scd.api.SysUserApi               : [SysUserApi#getUserById] <--- HTTP/1.1 200 (4ms)
2026-09-21T12:07:05.893+08:00  INFO 6636 --- [service-order] [http-nio-8083-exec-3] c.jwy.scd.service.impl.OrderServiceImpl  : Feign 调用成功：userId=2, username=zhangsan, nickname=张三
2026-09-21T12:07:05.907+08:00 DEBUG 6636 --- [service-order] [http-nio-8083-exec-5] com.jwy.scd.api.SysUserApi               : [SysUserApi#getUserById] ---> GET http://service-system/api/sys-user/2 HTTP/1.1
2026-09-21T12:07:05.908+08:00  INFO 6636 --- [service-order] [http-nio-8083-exec-7] c.jwy.scd.service.impl.OrderServiceImpl  : 下单成功：orderNo=SO20260921100035, userId=2, 明细 1 条, 总金额 129.00
2026-09-21T12:07:05.913+08:00 DEBUG 6636 --- [service-order] [http-nio-8083-exec-5] com.jwy.scd.api.SysUserApi               : [SysUserApi#getUserById] <--- HTTP/1.1 200 (4ms)
2026-09-21T12:07:05.913+08:00  INFO 6636 --- [service-order] [http-nio-8083-exec-5] c.jwy.scd.service.impl.OrderServiceImpl  : Feign 调用成功：userId=2, username=zhangsan, nickname=张三
2026-09-21T12:07:05.929+08:00  INFO 6636 --- [service-order] [http-nio-8083-exec-9] c.jwy.scd.service.impl.OrderServiceImpl  : 下单成功：orderNo=SO20260921100036, userId=2, 明细 1 条, 总金额 129.00
2026-09-21T12:07:05.931+08:00 DEBUG 6636 --- [service-order] [http-nio-8083-exec-10] com.jwy.scd.api.SysUserApi               : [SysUserApi#getUserById] ---> GET http://service-system/api/sys-user/2 HTTP/1.1
2026-09-21T12:07:05.935+08:00 DEBUG 6636 --- [service-order] [http-nio-8083-exec-10] com.jwy.scd.api.SysUserApi               : [SysUserApi#getUserById] <--- HTTP/1.1 200 (4ms)
2026-09-21T12:07:05.935+08:00  INFO 6636 --- [service-order] [http-nio-8083-exec-10] c.jwy.scd.service.impl.OrderServiceImpl  : Feign 调用成功：userId=2, username=zhangsan, nickname=张三
2026-09-21T12:07:05.963+08:00 DEBUG 6636 --- [service-order] [http-nio-8083-exec-1] com.jwy.scd.api.SysUserApi               : [SysUserApi#getUserById] ---> GET http://service-system/api/sys-user/2 HTTP/1.1
2026-09-21T12:07:05.964+08:00  INFO 6636 --- [service-order] [http-nio-8083-exec-2] c.jwy.scd.service.impl.OrderServiceImpl  : 下单成功：orderNo=SO20260921100037, userId=2, 明细 1 条, 总金额 129.00
2026-09-21T12:07:05.968+08:00 DEBUG 6636 --- [service-order] [http-nio-8083-exec-1] com.jwy.scd.api.SysUserApi               : [SysUserApi#getUserById] <--- HTTP/1.1 200 (4ms)
2026-09-21T12:07:05.969+08:00  INFO 6636 --- [service-order] [http-nio-8083-exec-1] c.jwy.scd.service.impl.OrderServiceImpl  : Feign 调用成功：userId=2, username=zhangsan, nickname=张三
2026-09-21T12:07:05.975+08:00 DEBUG 6636 --- [service-order] [http-nio-8083-exec-8] com.jwy.scd.api.SysUserApi               : [SysUserApi#getUserById] ---> GET http://service-system/api/sys-user/2 HTTP/1.1
2026-09-21T12:07:05.975+08:00  INFO 6636 --- [service-order] [http-nio-8083-exec-3] c.jwy.scd.service.impl.OrderServiceImpl  : 下单成功：orderNo=SO20260921100038, userId=2, 明细 1 条, 总金额 129.00
2026-09-21T12:07:05.979+08:00 DEBUG 6636 --- [service-order] [http-nio-8083-exec-8] com.jwy.scd.api.SysUserApi               : [SysUserApi#getUserById] <--- HTTP/1.1 200 (4ms)
2026-09-21T12:07:05.980+08:00  INFO 6636 --- [service-order] [http-nio-8083-exec-8] c.jwy.scd.service.impl.OrderServiceImpl  : Feign 调用成功：userId=2, username=zhangsan, nickname=张三
2026-09-21T12:07:05.987+08:00 DEBUG 6636 --- [service-order] [http-nio-8083-exec-4] com.jwy.scd.api.SysUserApi               : [SysUserApi#getUserById] ---> GET http://service-system/api/sys-user/2 HTTP/1.1
2026-09-21T12:07:05.992+08:00 DEBUG 6636 --- [service-order] [http-nio-8083-exec-4] com.jwy.scd.api.SysUserApi               : [SysUserApi#getUserById] <--- HTTP/1.1 200 (4ms)
2026-09-21T12:07:05.993+08:00  INFO 6636 --- [service-order] [http-nio-8083-exec-5] c.jwy.scd.service.impl.OrderServiceImpl  : 下单成功：orderNo=SO20260921100039, userId=2, 明细 1 条, 总金额 129.00
2026-09-21T12:07:05.993+08:00  INFO 6636 --- [service-order] [http-nio-8083-exec-4] c.jwy.scd.service.impl.OrderServiceImpl  : Feign 调用成功：userId=2, username=zhangsan, nickname=张三
2026-09-21T12:07:06.003+08:00 DEBUG 6636 --- [service-order] [http-nio-8083-exec-6] com.jwy.scd.api.SysUserApi               : [SysUserApi#getUserById] ---> GET http://service-system/api/sys-user/2 HTTP/1.1
2026-09-21T12:07:06.004+08:00  INFO 6636 --- [service-order] [http-nio-8083-exec-10] c.jwy.scd.service.impl.OrderServiceImpl  : 下单成功：orderNo=SO20260921100040, userId=2, 明细 1 条, 总金额 129.00
2026-09-21T12:07:06.008+08:00 DEBUG 6636 --- [service-order] [http-nio-8083-exec-6] com.jwy.scd.api.SysUserApi               : [SysUserApi#getUserById] <--- HTTP/1.1 200 (4ms)
2026-09-21T12:07:06.008+08:00  INFO 6636 --- [service-order] [http-nio-8083-exec-6] c.jwy.scd.service.impl.OrderServiceImpl  : Feign 调用成功：userId=2, username=zhangsan, nickname=张三
2026-09-21T12:07:06.014+08:00 DEBUG 6636 --- [service-order] [http-nio-8083-exec-7] com.jwy.scd.api.SysUserApi               : [SysUserApi#getUserById] ---> GET http://service-system/api/sys-user/2 HTTP/1.1
2026-09-21T12:07:06.015+08:00  INFO 6636 --- [service-order] [http-nio-8083-exec-1] c.jwy.scd.service.impl.OrderServiceImpl  : 下单成功：orderNo=SO20260921100041, userId=2, 明细 1 条, 总金额 129.00
2026-09-21T12:07:06.018+08:00 DEBUG 6636 --- [service-order] [http-nio-8083-exec-7] com.jwy.scd.api.SysUserApi               : [SysUserApi#getUserById] <--- HTTP/1.1 200 (4ms)
2026-09-21T12:07:06.019+08:00  INFO 6636 --- [service-order] [http-nio-8083-exec-7] c.jwy.scd.service.impl.OrderServiceImpl  : Feign 调用成功：userId=2, username=zhangsan, nickname=张三
2026-09-21T12:07:06.040+08:00 DEBUG 6636 --- [service-order] [http-nio-8083-exec-9] com.jwy.scd.api.SysUserApi               : [SysUserApi#getUserById] ---> GET http://service-system/api/sys-user/2 HTTP/1.1
2026-09-21T12:07:06.041+08:00  INFO 6636 --- [service-order] [http-nio-8083-exec-8] c.jwy.scd.service.impl.OrderServiceImpl  : 下单成功：orderNo=SO20260921100042, userId=2, 明细 1 条, 总金额 129.00
2026-09-21T12:07:06.045+08:00 DEBUG 6636 --- [service-order] [http-nio-8083-exec-9] com.jwy.scd.api.SysUserApi               : [SysUserApi#getUserById] <--- HTTP/1.1 200 (4ms)
2026-09-21T12:07:06.045+08:00  INFO 6636 --- [service-order] [http-nio-8083-exec-9] c.jwy.scd.service.impl.OrderServiceImpl  : Feign 调用成功：userId=2, username=zhangsan, nickname=张三
2026-09-21T12:07:06.053+08:00 DEBUG 6636 --- [service-order] [http-nio-8083-exec-2] com.jwy.scd.api.SysUserApi               : [SysUserApi#getUserById] ---> GET http://service-system/api/sys-user/2 HTTP/1.1
2026-09-21T12:07:06.057+08:00 DEBUG 6636 --- [service-order] [http-nio-8083-exec-2] com.jwy.scd.api.SysUserApi               : [SysUserApi#getUserById] <--- HTTP/1.1 200 (4ms)
2026-09-21T12:07:06.058+08:00  INFO 6636 --- [service-order] [http-nio-8083-exec-2] c.jwy.scd.service.impl.OrderServiceImpl  : Feign 调用成功：userId=2, username=zhangsan, nickname=张三
2026-09-21T12:07:06.070+08:00  INFO 6636 --- [service-order] [http-nio-8083-exec-4] c.jwy.scd.service.impl.OrderServiceImpl  : 下单成功：orderNo=SO20260921100043, userId=2, 明细 1 条, 总金额 129.00
2026-09-21T12:07:06.103+08:00 DEBUG 6636 --- [service-order] [http-nio-8083-exec-3] com.jwy.scd.api.SysUserApi               : [SysUserApi#getUserById] ---> GET http://service-system/api/sys-user/2 HTTP/1.1
2026-09-21T12:07:06.103+08:00  INFO 6636 --- [service-order] [http-nio-8083-exec-6] c.jwy.scd.service.impl.OrderServiceImpl  : 下单成功：orderNo=SO20260921100044, userId=2, 明细 1 条, 总金额 129.00
2026-09-21T12:07:06.107+08:00 DEBUG 6636 --- [service-order] [http-nio-8083-exec-3] com.jwy.scd.api.SysUserApi               : [SysUserApi#getUserById] <--- HTTP/1.1 200 (4ms)
2026-09-21T12:07:06.108+08:00  INFO 6636 --- [service-order] [http-nio-8083-exec-3] c.jwy.scd.service.impl.OrderServiceImpl  : Feign 调用成功：userId=2, username=zhangsan, nickname=张三
2026-09-21T12:07:06.118+08:00  INFO 6636 --- [service-order] [http-nio-8083-exec-7] c.jwy.scd.service.impl.OrderServiceImpl  : 下单成功：orderNo=SO20260921100045, userId=2, 明细 1 条, 总金额 129.00
2026-09-21T12:07:06.118+08:00 DEBUG 6636 --- [service-order] [http-nio-8083-exec-5] com.jwy.scd.api.SysUserApi               : [SysUserApi#getUserById] ---> GET http://service-system/api/sys-user/2 HTTP/1.1
2026-09-21T12:07:06.122+08:00 DEBUG 6636 --- [service-order] [http-nio-8083-exec-5] com.jwy.scd.api.SysUserApi               : [SysUserApi#getUserById] <--- HTTP/1.1 200 (4ms)
2026-09-21T12:07:06.123+08:00  INFO 6636 --- [service-order] [http-nio-8083-exec-5] c.jwy.scd.service.impl.OrderServiceImpl  : Feign 调用成功：userId=2, username=zhangsan, nickname=张三
2026-09-21T12:07:06.139+08:00 DEBUG 6636 --- [service-order] [http-nio-8083-exec-10] com.jwy.scd.api.SysUserApi               : [SysUserApi#getUserById] ---> GET http://service-system/api/sys-user/2 HTTP/1.1
2026-09-21T12:07:06.139+08:00  INFO 6636 --- [service-order] [http-nio-8083-exec-9] c.jwy.scd.service.impl.OrderServiceImpl  : 下单成功：orderNo=SO20260921100046, userId=2, 明细 1 条, 总金额 129.00
2026-09-21T12:07:06.144+08:00 DEBUG 6636 --- [service-order] [http-nio-8083-exec-10] com.jwy.scd.api.SysUserApi               : [SysUserApi#getUserById] <--- HTTP/1.1 200 (4ms)
2026-09-21T12:07:06.144+08:00  INFO 6636 --- [service-order] [http-nio-8083-exec-10] c.jwy.scd.service.impl.OrderServiceImpl  : Feign 调用成功：userId=2, username=zhangsan, nickname=张三
2026-09-21T12:07:06.155+08:00  INFO 6636 --- [service-order] [http-nio-8083-exec-2] c.jwy.scd.service.impl.OrderServiceImpl  : 下单成功：orderNo=SO20260921100047, userId=2, 明细 1 条, 总金额 129.00
2026-09-21T12:07:06.170+08:00  INFO 6636 --- [service-order] [http-nio-8083-exec-3] c.jwy.scd.service.impl.OrderServiceImpl  : 下单成功：orderNo=SO20260921100048, userId=2, 明细 1 条, 总金额 129.00
2026-09-21T12:07:06.185+08:00  INFO 6636 --- [service-order] [http-nio-8083-exec-5] c.jwy.scd.service.impl.OrderServiceImpl  : 下单成功：orderNo=SO20260921100049, userId=2, 明细 1 条, 总金额 129.00
2026-09-21T12:07:06.200+08:00  INFO 6636 --- [service-order] [http-nio-8083-exec-10] c.jwy.scd.service.impl.OrderServiceImpl  : 下单成功：orderNo=SO20260921100050, userId=2, 明细 1 条, 总金额 129.00
2026-09-21T12:07:09.369+08:00  INFO 6636 --- [service-order] [nacos-grpc-client-executor-rxs-15] com.alibaba.nacos.common.remote.client   : [a8d87dbd-6316-4a0e-866a-b94946270fb2] Receive server push request, request = NotifySubscriberRequest, requestId = 81
2026-09-21T12:07:09.370+08:00  INFO 6636 --- [service-order] [nacos-grpc-client-executor-rxs-15] com.alibaba.nacos.client.naming          : removed ips(1) service: DEFAULT_GROUP@@service-id-gen -> [{"instanceId":"192.168.1.129#8084##DEFAULT_GROUP@@service-id-gen","ip":"192.168.1.129","port":8084,"weight":1.0,"healthy":true,"enabled":true,"ephemeral":true,"clusterName":"DEFAULT","serviceName":"DEFAULT_GROUP@@service-id-gen","metadata":{"preserved.register.source":"SPRING_CLOUD"},"ipDeleteTimeout":30000,"instanceHeartBeatInterval":5000,"instanceHeartBeatTimeOut":15000}]
2026-09-21T12:07:09.371+08:00  INFO 6636 --- [service-order] [nacos-grpc-client-executor-rxs-15] com.alibaba.nacos.client.naming          : current ips:(1) service: DEFAULT_GROUP@@service-id-gen -> [{"instanceId":"192.168.1.129#8085##DEFAULT_GROUP@@service-id-gen","ip":"192.168.1.129","port":8085,"weight":1.0,"healthy":true,"enabled":true,"ephemeral":true,"clusterName":"DEFAULT","serviceName":"DEFAULT_GROUP@@service-id-gen","metadata":{"preserved.register.source":"SPRING_CLOUD"},"ipDeleteTimeout":30000,"instanceHeartBeatInterval":5000,"instanceHeartBeatTimeOut":15000}]
2026-09-21T12:07:09.376+08:00  INFO 6636 --- [service-order] [nacos-grpc-client-executor-rxs-15] com.alibaba.nacos.common.remote.client   : [a8d87dbd-6316-4a0e-866a-b94946270fb2] Ack server push request, request = NotifySubscriberRequest, requestId = 81
2026-09-21T12:07:11.282+08:00  INFO 6636 --- [service-order] [nacos-grpc-client-executor-rxs-16] com.alibaba.nacos.common.remote.client   : [a8d87dbd-6316-4a0e-866a-b94946270fb2] Receive server push request, request = NotifySubscriberRequest, requestId = 82
2026-09-21T12:07:11.282+08:00  INFO 6636 --- [service-order] [nacos-grpc-client-executor-rxs-16] com.alibaba.nacos.client.naming          : removed ips(1) service: DEFAULT_GROUP@@service-id-gen -> [{"instanceId":"192.168.1.129#8085##DEFAULT_GROUP@@service-id-gen","ip":"192.168.1.129","port":8085,"weight":1.0,"healthy":true,"enabled":true,"ephemeral":true,"clusterName":"DEFAULT","serviceName":"DEFAULT_GROUP@@service-id-gen","metadata":{"preserved.register.source":"SPRING_CLOUD"},"ipDeleteTimeout":30000,"instanceHeartBeatInterval":5000,"instanceHeartBeatTimeOut":15000}]
2026-09-21T12:07:11.282+08:00  INFO 6636 --- [service-order] [nacos-grpc-client-executor-rxs-16] com.alibaba.nacos.client.naming          : current ips:(0) service: DEFAULT_GROUP@@service-id-gen -> []
2026-09-21T12:07:11.288+08:00  INFO 6636 --- [service-order] [nacos-grpc-client-executor-rxs-16] com.alibaba.nacos.common.remote.client   : [a8d87dbd-6316-4a0e-866a-b94946270fb2] Ack server push request, request = NotifySubscriberRequest, requestId = 82
2026-09-21T12:07:19.398+08:00 DEBUG 6636 --- [service-order] [http-nio-8083-exec-1] com.jwy.scd.api.SysUserApi               : [SysUserApi#getUserById] ---> GET http://service-system/api/sys-user/2 HTTP/1.1
2026-09-21T12:07:19.402+08:00 DEBUG 6636 --- [service-order] [http-nio-8083-exec-1] com.jwy.scd.api.SysUserApi               : [SysUserApi#getUserById] <--- HTTP/1.1 200 (4ms)
2026-09-21T12:07:19.403+08:00  INFO 6636 --- [service-order] [http-nio-8083-exec-1] c.jwy.scd.service.impl.OrderServiceImpl  : Feign 调用成功：userId=2, username=zhangsan, nickname=张三
2026-09-21T12:07:19.412+08:00  INFO 6636 --- [service-order] [http-nio-8083-exec-1] c.jwy.scd.service.impl.OrderServiceImpl  : 下单成功：orderNo=SO20260921100051, userId=2, 明细 1 条, 总金额 129.00
2026-09-21T12:07:19.427+08:00 DEBUG 6636 --- [service-order] [http-nio-8083-exec-8] com.jwy.scd.api.SysUserApi               : [SysUserApi#getUserById] ---> GET http://service-system/api/sys-user/2 HTTP/1.1
2026-09-21T12:07:19.432+08:00 DEBUG 6636 --- [service-order] [http-nio-8083-exec-8] com.jwy.scd.api.SysUserApi               : [SysUserApi#getUserById] <--- HTTP/1.1 200 (4ms)
2026-09-21T12:07:19.432+08:00  INFO 6636 --- [service-order] [http-nio-8083-exec-8] c.jwy.scd.service.impl.OrderServiceImpl  : Feign 调用成功：userId=2, username=zhangsan, nickname=张三
2026-09-21T12:07:19.441+08:00  INFO 6636 --- [service-order] [http-nio-8083-exec-8] c.jwy.scd.service.impl.OrderServiceImpl  : 下单成功：orderNo=SO20260921100052, userId=2, 明细 1 条, 总金额 129.00
2026-09-21T12:07:19.457+08:00 DEBUG 6636 --- [service-order] [http-nio-8083-exec-4] com.jwy.scd.api.SysUserApi               : [SysUserApi#getUserById] ---> GET http://service-system/api/sys-user/2 HTTP/1.1
2026-09-21T12:07:19.462+08:00 DEBUG 6636 --- [service-order] [http-nio-8083-exec-4] com.jwy.scd.api.SysUserApi               : [SysUserApi#getUserById] <--- HTTP/1.1 200 (4ms)
2026-09-21T12:07:19.462+08:00  INFO 6636 --- [service-order] [http-nio-8083-exec-4] c.jwy.scd.service.impl.OrderServiceImpl  : Feign 调用成功：userId=2, username=zhangsan, nickname=张三
2026-09-21T12:07:19.472+08:00  INFO 6636 --- [service-order] [http-nio-8083-exec-4] c.jwy.scd.service.impl.OrderServiceImpl  : 下单成功：orderNo=SO20260921100053, userId=2, 明细 1 条, 总金额 129.00


===== start service-order @ 2026-09-21 12:07:22 =====2026-09-21T12:07:25.298+08:00  INFO 27860 --- [service-order] [main] com.jwy.scd.ServiceOrderApplication      : Starting ServiceOrderApplication v0.0.1-SNAPSHOT using Java 21.0.12.1 with PID 27860 (E:\Data\projects\springcloud-demo\service-order\target\service-order-0.0.1-SNAPSHOT.jar started by jiang in c:\windows\system32\driverstore\filerepository\ntprint.inf_amd64_7ec90cac1a11fca1\amd64)
2026-09-21T12:07:25.300+08:00  INFO 27860 --- [service-order] [main] com.jwy.scd.ServiceOrderApplication      : No active profile set, falling back to 1 default profile: "default"
2026-09-21T12:07:25.362+08:00  INFO 27860 --- [service-order] [main] c.a.c.n.c.NacosConfigDataLoader          : [Nacos Config] Load config[dataId=service-order.yaml, group=DEFAULT_GROUP] success
2026-09-21T12:07:26.331+08:00  INFO 27860 --- [service-order] [main] o.s.cloud.context.scope.GenericScope     : BeanFactory id=cd2badf3-365b-3b7c-bed1-f6baede46176
2026-09-21T12:07:26.884+08:00  INFO 27860 --- [service-order] [main] o.s.boot.tomcat.TomcatWebServer          : Tomcat initialized with port 8083 (http)
2026-09-21T12:07:26.898+08:00  INFO 27860 --- [service-order] [main] o.apache.catalina.core.StandardService   : Starting service [Tomcat]
2026-09-21T12:07:26.899+08:00  INFO 27860 --- [service-order] [main] o.apache.catalina.core.StandardEngine    : Starting Servlet engine: [Apache Tomcat/11.0.24]
2026-09-21T12:07:26.923+08:00  INFO 27860 --- [service-order] [main] b.w.c.s.WebApplicationContextInitializer : Root WebApplicationContext: initialization completed in 1559 ms
2026-09-21T12:07:27.217+08:00  INFO 27860 --- [service-order] [main] o.s.c.openfeign.FeignClientFactoryBean   : For 'service-system' URL not provided. Will try picking an instance via load-balancing.
2026-09-21T12:07:27.560+08:00  INFO 27860 --- [service-order] [main] o.s.c.openfeign.FeignClientFactoryBean   : For 'service-id-gen' URL not provided. Will try picking an instance via load-balancing.
2026-09-21T12:07:27.567+08:00  INFO 27860 --- [service-order] [main] com.jwy.scd.support.SegmentIdGenerator   : [id-gen-client] 号段发号器已装配：bizTag=order
2026-09-21T12:07:27.677+08:00  INFO 27860 --- [service-order] [main] c.a.c.sentinel.SentinelWebMvcConfigurer  : [Sentinel Starter] register SentinelWebInterceptor with urlPatterns: [/**].
2026-09-21T12:07:27.969+08:00  INFO 27860 --- [service-order] [main] m.e.s.MybatisPlusApplicationContextAware : Register ApplicationContext instances org.springframework.boot.web.server.servlet.context.AnnotationConfigServletWebServerApplicationContext@2f860823
2026-09-21T12:07:28.127+08:00  WARN 27860 --- [service-order] [main] iguration$LoadBalancerCaffeineWarnLogger : Spring Cloud LoadBalancer is currently working with the default cache. While this cache implementation is useful for development and tests, it's recommended to use Caffeine cache in production.You can switch to using Caffeine cache, by adding it and org.springframework.cache.caffeine.CaffeineCacheManager to the classpath.
2026-09-21T12:07:28.218+08:00  INFO 27860 --- [service-order] [main] o.s.boot.tomcat.TomcatWebServer          : Tomcat started on port 8083 (http) with context path '/'
2026-09-21T12:07:28.223+08:00  INFO 27860 --- [service-order] [main] com.alibaba.nacos.client.naming          : Nacos client key init properties: 
	serverAddr=rxs:8848
	username=nacos
	password=1****6

2026-09-21T12:07:28.223+08:00  INFO 27860 --- [service-order] [main] com.alibaba.nacos.client.naming          : initializer namespace from ans.namespace attribute : null
2026-09-21T12:07:28.230+08:00  INFO 27860 --- [service-order] [main] com.alibaba.nacos.client.naming          : initializer namespace from ALIBABA_ALIWARE_NAMESPACE attribute :null
2026-09-21T12:07:28.231+08:00  INFO 27860 --- [service-order] [main] com.alibaba.nacos.client.naming          : initializer namespace from namespace attribute :null
2026-09-21T12:07:28.238+08:00  INFO 27860 --- [service-order] [main] com.alibaba.nacos.client.naming          : FailoverDataSource type is class com.alibaba.nacos.client.naming.backups.datasource.DiskFailoverDataSource
2026-09-21T12:07:28.242+08:00  INFO 27860 --- [service-order] [main] c.a.n.c.a.AbstractServerListManager      : Load and match ServerListProvider com.alibaba.nacos.client.address.EndpointServerListProvider, match result: false
2026-09-21T12:07:28.242+08:00  INFO 27860 --- [service-order] [main] c.a.n.c.a.AbstractServerListManager      : Load and match ServerListProvider com.alibaba.nacos.client.address.PropertiesListProvider, match result: true
2026-09-21T12:07:28.243+08:00  INFO 27860 --- [service-order] [main] c.a.n.c.a.AbstractServerListManager      : Will use com.alibaba.nacos.client.address.PropertiesListProvider as ServerListProvider
2026-09-21T12:07:28.244+08:00  INFO 27860 --- [service-order] [main] c.a.n.p.a.s.c.ClientAuthPluginManager    : [ClientAuthPluginManager] Load ClientAuthService com.alibaba.nacos.client.auth.impl.NacosClientAuthServiceImpl success.
2026-09-21T12:07:28.244+08:00  INFO 27860 --- [service-order] [main] c.a.n.p.a.s.c.ClientAuthPluginManager    : [ClientAuthPluginManager] Load ClientAuthService com.alibaba.nacos.client.auth.ram.RamClientAuthServiceImpl success.
2026-09-21T12:07:28.336+08:00  INFO 27860 --- [service-order] [main] com.alibaba.nacos.common.remote.client   : [RpcClientFactory] create a new rpc client of be2865fd-699e-4ae5-83e5-c3c2cb878045
2026-09-21T12:07:28.337+08:00  INFO 27860 --- [service-order] [main] com.alibaba.nacos.client.naming          : Create naming rpc client for uuid->be2865fd-699e-4ae5-83e5-c3c2cb878045
2026-09-21T12:07:28.341+08:00  INFO 27860 --- [service-order] [main] com.alibaba.nacos.common.remote.client   : [be2865fd-699e-4ae5-83e5-c3c2cb878045] RpcClient init, ServerListFactory = com.alibaba.nacos.client.naming.core.NamingServerListManager
2026-09-21T12:07:28.341+08:00  INFO 27860 --- [service-order] [main] com.alibaba.nacos.common.remote.client   : [be2865fd-699e-4ae5-83e5-c3c2cb878045] Registry connection listener to current client:com.alibaba.nacos.client.naming.remote.gprc.redo.NamingGrpcRedoService
2026-09-21T12:07:28.342+08:00  INFO 27860 --- [service-order] [main] com.alibaba.nacos.common.remote.client   : [be2865fd-699e-4ae5-83e5-c3c2cb878045] Register server push request handler:com.alibaba.nacos.client.naming.remote.gprc.NamingPushRequestHandler
2026-09-21T12:07:28.342+08:00  INFO 27860 --- [service-order] [main] com.alibaba.nacos.common.remote.client   : [be2865fd-699e-4ae5-83e5-c3c2cb878045] Register server push request handler:com.alibaba.nacos.client.naming.remote.gprc.NamingFuzzyWatchNotifyRequestHandler
2026-09-21T12:07:28.343+08:00  INFO 27860 --- [service-order] [main] com.alibaba.nacos.common.remote.client   : [be2865fd-699e-4ae5-83e5-c3c2cb878045] Try to connect to server on start up, server: {serverIp = 'rxs', server main port = 8848}
2026-09-21T12:07:28.343+08:00  INFO 27860 --- [service-order] [main] c.a.n.c.remote.client.grpc.GrpcClient    : grpc client connection server: rxs ip, serverPort: 9848, grpcTslConfig: {"enableTls":false,"mutualAuthEnable":false,"trustAll":true}
2026-09-21T12:07:28.354+08:00  INFO 27860 --- [service-order] [main] com.alibaba.nacos.common.remote.client   : [be2865fd-699e-4ae5-83e5-c3c2cb878045] Success to connect to server [rxs:8848] on start up, connectionId = 1789963647745_172.17.0.1_42426
2026-09-21T12:07:28.354+08:00  INFO 27860 --- [service-order] [main] com.alibaba.nacos.common.remote.client   : [be2865fd-699e-4ae5-83e5-c3c2cb878045] Register server push request handler:com.alibaba.nacos.common.remote.client.RpcClient$ConnectResetRequestHandler
2026-09-21T12:07:28.354+08:00  INFO 27860 --- [service-order] [com.alibaba.nacos.client.remote.worker.0] com.alibaba.nacos.common.remote.client   : [be2865fd-699e-4ae5-83e5-c3c2cb878045] Notify connected event to listeners.
2026-09-21T12:07:28.355+08:00  INFO 27860 --- [service-order] [main] com.alibaba.nacos.common.remote.client   : [be2865fd-699e-4ae5-83e5-c3c2cb878045] Register server push request handler:com.alibaba.nacos.common.remote.client.RpcClient$$Lambda/0x000001f258438a48
2026-09-21T12:07:28.355+08:00  INFO 27860 --- [service-order] [com.alibaba.nacos.client.remote.worker.0] com.alibaba.nacos.client.naming          : Grpc connection connect
2026-09-21T12:07:28.356+08:00  INFO 27860 --- [service-order] [main] com.alibaba.nacos.client.naming          : [REGISTER-SERVICE] public registering service service-order with instance Instance{instanceId='null', ip='192.168.1.129', port=8083, weight=1.0, healthy=true, enabled=true, ephemeral=true, clusterName='', serviceName='null', metadata={IPv6=null, preserved.register.source=SPRING_CLOUD}}
2026-09-21T12:07:28.367+08:00  INFO 27860 --- [service-order] [main] c.a.c.n.registry.NacosServiceRegistry    : nacos registry, DEFAULT_GROUP service-order 192.168.1.129:8083 register finished
2026-09-21T12:07:28.376+08:00  INFO 27860 --- [service-order] [main] com.jwy.scd.ServiceOrderApplication      : Started ServiceOrderApplication in 4.686 seconds (process running for 5.236)
2026-09-21T12:07:28.447+08:00  INFO 27860 --- [service-order] [main] com.alibaba.nacos.client.naming          : [SUBSCRIBE-SERVICE] service:service-id-gen, group:DEFAULT_GROUP, clusters: 
2026-09-21T12:07:28.447+08:00  INFO 27860 --- [service-order] [main] com.alibaba.nacos.client.naming          : [GRPC-SUBSCRIBE] service:service-id-gen, group:DEFAULT_GROUP, cluster: 
2026-09-21T12:07:28.459+08:00  INFO 27860 --- [service-order] [main] com.alibaba.nacos.client.naming          : init new ips(0) service: DEFAULT_GROUP@@service-id-gen -> []
2026-09-21T12:07:28.476+08:00  WARN 27860 --- [service-order] [main] o.s.c.l.core.RoundRobinLoadBalancer      : No servers available for service: service-id-gen
2026-09-21T12:07:28.479+08:00  WARN 27860 --- [service-order] [main] .s.c.o.l.FeignBlockingLoadBalancerClient : Load balancer does not contain an instance for the service service-id-gen
2026-09-21T12:07:28.484+08:00  WARN 27860 --- [service-order] [main] com.jwy.scd.support.SegmentIdGenerator   : [id-gen-client] 号段预热失败（服务照常启动，首次发号时会重试）：bizTag=order

com.jwy.scd.api.idgen.support.SegmentUnavailableException: 向发号服务领取号段失败：bizTag=order
	at com.jwy.scd.support.SegmentIdGenerator.initBuffer(SegmentIdGenerator.java:141) ~[!/:0.0.1-SNAPSHOT]
	at com.jwy.scd.support.SegmentIdGenerator.warmUp(SegmentIdGenerator.java:111) ~[!/:0.0.1-SNAPSHOT]
	at com.jwy.scd.support.IdGenWarmUpRunner.run(IdGenWarmUpRunner.java:41) ~[!/:0.0.1-SNAPSHOT]
	at org.springframework.boot.SpringApplication.lambda$callRunner$0(SpringApplication.java:788) ~[spring-boot-4.0.8.jar!/:4.0.8]
	at org.springframework.util.function.ThrowingConsumer$1.acceptWithException(ThrowingConsumer.java:82) ~[spring-core-7.0.9.jar!/:7.0.9]
	at org.springframework.util.function.ThrowingConsumer.accept(ThrowingConsumer.java:60) ~[spring-core-7.0.9.jar!/:7.0.9]
	at org.springframework.util.function.ThrowingConsumer$1.accept(ThrowingConsumer.java:86) ~[spring-core-7.0.9.jar!/:7.0.9]
	at org.springframework.boot.SpringApplication.callRunner(SpringApplication.java:800) ~[spring-boot-4.0.8.jar!/:4.0.8]
	at org.springframework.boot.SpringApplication.callRunner(SpringApplication.java:788) ~[spring-boot-4.0.8.jar!/:4.0.8]
	at org.springframework.boot.SpringApplication.lambda$callRunners$0(SpringApplication.java:776) ~[spring-boot-4.0.8.jar!/:4.0.8]
	at java.base/java.util.stream.ForEachOps$ForEachOp$OfRef.accept(ForEachOps.java:184) ~[na:na]
	at java.base/java.util.stream.SortedOps$SizedRefSortingSink.end(SortedOps.java:357) ~[na:na]
	at java.base/java.util.stream.AbstractPipeline.copyInto(AbstractPipeline.java:510) ~[na:na]
	at java.base/java.util.stream.AbstractPipeline.wrapAndCopyInto(AbstractPipeline.java:499) ~[na:na]
	at java.base/java.util.stream.ForEachOps$ForEachOp.evaluateSequential(ForEachOps.java:151) ~[na:na]
	at java.base/java.util.stream.ForEachOps$ForEachOp$OfRef.evaluateSequential(ForEachOps.java:174) ~[na:na]
	at java.base/java.util.stream.AbstractPipeline.evaluate(AbstractPipeline.java:234) ~[na:na]
	at java.base/java.util.stream.ReferencePipeline.forEach(ReferencePipeline.java:596) ~[na:na]
	at org.springframework.boot.SpringApplication.callRunners(SpringApplication.java:776) ~[spring-boot-4.0.8.jar!/:4.0.8]
	at org.springframework.boot.SpringApplication.run(SpringApplication.java:328) ~[spring-boot-4.0.8.jar!/:4.0.8]
	at org.springframework.boot.SpringApplication.run(SpringApplication.java:1365) ~[spring-boot-4.0.8.jar!/:4.0.8]
	at org.springframework.boot.SpringApplication.run(SpringApplication.java:1354) ~[spring-boot-4.0.8.jar!/:4.0.8]
	at com.jwy.scd.ServiceOrderApplication.main(ServiceOrderApplication.java:55) ~[!/:0.0.1-SNAPSHOT]
	at java.base/jdk.internal.reflect.DirectMethodHandleAccessor.invoke(DirectMethodHandleAccessor.java:103) ~[na:na]
	at java.base/java.lang.reflect.Method.invoke(Method.java:580) ~[na:na]
	at org.springframework.boot.loader.launch.Launcher.launch(Launcher.java:106) ~[service-order-0.0.1-SNAPSHOT.jar:0.0.1-SNAPSHOT]
	at org.springframework.boot.loader.launch.Launcher.launch(Launcher.java:64) ~[service-order-0.0.1-SNAPSHOT.jar:0.0.1-SNAPSHOT]
	at org.springframework.boot.loader.launch.JarLauncher.main(JarLauncher.java:40) ~[service-order-0.0.1-SNAPSHOT.jar:0.0.1-SNAPSHOT]
Caused by: feign.FeignException$ServiceUnavailable: [503] during [GET] to [http://service-id-gen/api/id/segment?bizTag=order] [IdGenApi#getSegment(String)]: [Load balancer does not contain an instance for the service service-id-gen]
	at feign.FeignException.serverErrorStatus(FeignException.java:287) ~[feign-core-13.6.jar!/:na]
	at feign.FeignException.errorStatus(FeignException.java:226) ~[feign-core-13.6.jar!/:na]
	at feign.FeignException.errorStatus(FeignException.java:213) ~[feign-core-13.6.jar!/:na]
	at feign.codec.ErrorDecoder$Default.decode(ErrorDecoder.java:103) ~[feign-core-13.6.jar!/:na]
	at feign.InvocationContext.decodeError(InvocationContext.java:133) ~[feign-core-13.6.jar!/:na]
	at feign.InvocationContext.proceed(InvocationContext.java:80) ~[feign-core-13.6.jar!/:na]
	at feign.ResponseHandler.handleResponse(ResponseHandler.java:69) ~[feign-core-13.6.jar!/:na]
	at feign.SynchronousMethodHandler.executeAndDecode(SynchronousMethodHandler.java:109) ~[feign-core-13.6.jar!/:na]
	at feign.SynchronousMethodHandler.invoke(SynchronousMethodHandler.java:53) ~[feign-core-13.6.jar!/:na]
	at feign.ReflectiveFeign$FeignInvocationHandler.invoke(ReflectiveFeign.java:104) ~[feign-core-13.6.jar!/:na]
	at jdk.proxy2/jdk.proxy2.$Proxy126.getSegment(Unknown Source) ~[na:na]
	at com.jwy.scd.support.SegmentIdGenerator.fetchSegment(SegmentIdGenerator.java:157) ~[!/:0.0.1-SNAPSHOT]
	at com.jwy.scd.support.SegmentIdGenerator.initBuffer(SegmentIdGenerator.java:135) ~[!/:0.0.1-SNAPSHOT]
	... 27 common frames omitted

2026-09-21T12:07:28.491+08:00  INFO 27860 --- [service-order] [main] com.jwy.scd.support.IdGenWarmUpRunner    : [id-gen-client] 启动预热结束（bizTag=order），耗时 112 ms；本地缓冲=未初始化（尚未领到号段）
2026-09-21T12:07:28.492+08:00  WARN 27860 --- [service-order] [main] o.s.core.events.SpringDocAppInitializer  : SpringDoc /v3/api-docs endpoint is enabled by default. To disable it in production, set the property 'springdoc.api-docs.enabled=false'
2026-09-21T12:07:28.492+08:00  WARN 27860 --- [service-order] [main] o.s.core.events.SpringDocAppInitializer  : SpringDoc /swagger-ui.html endpoint is enabled by default. To disable it in production, set the property 'springdoc.swagger-ui.enabled=false'
2026-09-21T12:07:28.495+08:00  INFO 27860 --- [service-order] [main] c.a.nacos.client.config.impl.CacheData   : config listener notify warn timeout millis use default 60000 millis 
2026-09-21T12:07:28.496+08:00  INFO 27860 --- [service-order] [main] c.a.nacos.client.config.impl.CacheData   : nacos.cache.data.init.snapshot = true 
2026-09-21T12:07:28.498+08:00  INFO 27860 --- [service-order] [main] c.a.n.client.config.impl.ClientWorker    : [Config-fixed-public-rxs_8848] [subscribe] service-order.yaml+DEFAULT_GROUP+public
2026-09-21T12:07:28.499+08:00  INFO 27860 --- [service-order] [main] c.a.nacos.client.config.impl.CacheData   : [Config-fixed-public-rxs_8848] [add-listener] ok, tenant=public, dataId=service-order.yaml, group=DEFAULT_GROUP, cnt=1
2026-09-21T12:07:28.499+08:00  INFO 27860 --- [service-order] [main] c.a.c.n.refresh.NacosContextRefresher    : [Nacos Config] Listening config: dataId=service-order.yaml, group=DEFAULT_GROUP
2026-09-21T12:07:28.992+08:00  INFO 27860 --- [service-order] [nacos-grpc-client-executor-rxs-17] com.alibaba.nacos.common.remote.client   : [be2865fd-699e-4ae5-83e5-c3c2cb878045] Receive server push request, request = NotifySubscriberRequest, requestId = 85
2026-09-21T12:07:28.993+08:00  INFO 27860 --- [service-order] [nacos-grpc-client-executor-rxs-17] com.alibaba.nacos.common.remote.client   : [be2865fd-699e-4ae5-83e5-c3c2cb878045] Ack server push request, request = NotifySubscriberRequest, requestId = 85
2026-09-21T12:07:29.519+08:00  INFO 27860 --- [service-order] [http-nio-8083-exec-2] o.a.c.c.C.[Tomcat].[localhost].[/]       : Initializing Spring DispatcherServlet 'dispatcherServlet'
2026-09-21T12:07:29.520+08:00  INFO 27860 --- [service-order] [http-nio-8083-exec-2] o.s.web.servlet.DispatcherServlet        : Initializing Servlet 'dispatcherServlet'
2026-09-21T12:07:29.521+08:00  INFO 27860 --- [service-order] [http-nio-8083-exec-2] o.s.web.servlet.DispatcherServlet        : Completed initialization in 1 ms
2026-09-21T12:07:29.655+08:00  INFO 27860 --- [service-order] [http-nio-8083-exec-2] com.zaxxer.hikari.HikariDataSource       : HikariPool-1 - Starting...
2026-09-21T12:07:29.805+08:00  INFO 27860 --- [service-order] [http-nio-8083-exec-2] com.zaxxer.hikari.pool.HikariPool        : HikariPool-1 - Added connection com.mysql.cj.jdbc.ConnectionImpl@6a8cc785
2026-09-21T12:07:29.807+08:00  INFO 27860 --- [service-order] [http-nio-8083-exec-2] com.zaxxer.hikari.HikariDataSource       : HikariPool-1 - Start completed.
2026-09-21T12:07:29.819+08:00 DEBUG 27860 --- [service-order] [http-nio-8083-exec-2] com.jwy.scd.api.SysUserApi               : [SysUserApi#getUserById] ---> GET http://service-system/api/sys-user/2 HTTP/1.1
2026-09-21T12:07:29.834+08:00  INFO 27860 --- [service-order] [http-nio-8083-exec-2] com.alibaba.nacos.client.naming          : [SUBSCRIBE-SERVICE] service:service-system, group:DEFAULT_GROUP, clusters: 
2026-09-21T12:07:29.834+08:00  INFO 27860 --- [service-order] [http-nio-8083-exec-2] com.alibaba.nacos.client.naming          : [GRPC-SUBSCRIBE] service:service-system, group:DEFAULT_GROUP, cluster: 
2026-09-21T12:07:29.842+08:00  INFO 27860 --- [service-order] [http-nio-8083-exec-2] com.alibaba.nacos.client.naming          : init new ips(1) service: DEFAULT_GROUP@@service-system -> [{"instanceId":"192.168.1.129#8081##DEFAULT_GROUP@@service-system","ip":"192.168.1.129","port":8081,"weight":1.0,"healthy":true,"enabled":true,"ephemeral":true,"clusterName":"DEFAULT","serviceName":"DEFAULT_GROUP@@service-system","metadata":{"preserved.register.source":"SPRING_CLOUD"},"ipDeleteTimeout":30000,"instanceHeartBeatInterval":5000,"instanceHeartBeatTimeOut":15000}]
2026-09-21T12:07:29.843+08:00  INFO 27860 --- [service-order] [http-nio-8083-exec-2] com.alibaba.nacos.client.naming          : current ips:(1) service: DEFAULT_GROUP@@service-system -> [{"instanceId":"192.168.1.129#8081##DEFAULT_GROUP@@service-system","ip":"192.168.1.129","port":8081,"weight":1.0,"healthy":true,"enabled":true,"ephemeral":true,"clusterName":"DEFAULT","serviceName":"DEFAULT_GROUP@@service-system","metadata":{"preserved.register.source":"SPRING_CLOUD"},"ipDeleteTimeout":30000,"instanceHeartBeatInterval":5000,"instanceHeartBeatTimeOut":15000}]
2026-09-21T12:07:29.865+08:00 DEBUG 27860 --- [service-order] [http-nio-8083-exec-2] com.jwy.scd.api.SysUserApi               : [SysUserApi#getUserById] <--- HTTP/1.1 200 (45ms)
2026-09-21T12:07:29.874+08:00  INFO 27860 --- [service-order] [http-nio-8083-exec-2] c.jwy.scd.service.impl.OrderServiceImpl  : Feign 调用成功：userId=2, username=zhangsan, nickname=张三
2026-09-21T12:07:29.925+08:00  WARN 27860 --- [service-order] [http-nio-8083-exec-2] o.s.c.l.core.RoundRobinLoadBalancer      : No servers available for service: service-id-gen
2026-09-21T12:07:29.925+08:00  WARN 27860 --- [service-order] [http-nio-8083-exec-2] .s.c.o.l.FeignBlockingLoadBalancerClient : Load balancer does not contain an instance for the service service-id-gen
2026-09-21T12:07:29.944+08:00 ERROR 27860 --- [service-order] [http-nio-8083-exec-2] c.j.s.exception.GlobalExceptionHandler   : 订单业务异常: 发号服务不可用，暂时无法受理下单：向发号服务领取号段失败：bizTag=order
2026-09-21T12:07:30.393+08:00  INFO 27860 --- [service-order] [nacos-grpc-client-executor-rxs-21] com.alibaba.nacos.common.remote.client   : [be2865fd-699e-4ae5-83e5-c3c2cb878045] Receive server push request, request = NotifySubscriberRequest, requestId = 86
2026-09-21T12:07:30.394+08:00  INFO 27860 --- [service-order] [nacos-grpc-client-executor-rxs-21] com.alibaba.nacos.common.remote.client   : [be2865fd-699e-4ae5-83e5-c3c2cb878045] Ack server push request, request = NotifySubscriberRequest, requestId = 86
2026-09-21T12:07:36.600+08:00  INFO 27860 --- [service-order] [nacos-grpc-client-executor-rxs-22] com.alibaba.nacos.common.remote.client   : [be2865fd-699e-4ae5-83e5-c3c2cb878045] Receive server push request, request = NotifySubscriberRequest, requestId = 87
2026-09-21T12:07:36.601+08:00  INFO 27860 --- [service-order] [nacos-grpc-client-executor-rxs-22] com.alibaba.nacos.client.naming          : new ips(1) service: DEFAULT_GROUP@@service-id-gen -> [{"instanceId":"192.168.1.129#8084##DEFAULT_GROUP@@service-id-gen","ip":"192.168.1.129","port":8084,"weight":1.0,"healthy":true,"enabled":true,"ephemeral":true,"clusterName":"DEFAULT","serviceName":"DEFAULT_GROUP@@service-id-gen","metadata":{"preserved.register.source":"SPRING_CLOUD"},"ipDeleteTimeout":30000,"instanceHeartBeatInterval":5000,"instanceHeartBeatTimeOut":15000}]
2026-09-21T12:07:36.602+08:00  INFO 27860 --- [service-order] [nacos-grpc-client-executor-rxs-22] com.alibaba.nacos.client.naming          : current ips:(1) service: DEFAULT_GROUP@@service-id-gen -> [{"instanceId":"192.168.1.129#8084##DEFAULT_GROUP@@service-id-gen","ip":"192.168.1.129","port":8084,"weight":1.0,"healthy":true,"enabled":true,"ephemeral":true,"clusterName":"DEFAULT","serviceName":"DEFAULT_GROUP@@service-id-gen","metadata":{"preserved.register.source":"SPRING_CLOUD"},"ipDeleteTimeout":30000,"instanceHeartBeatInterval":5000,"instanceHeartBeatTimeOut":15000}]
2026-09-21T12:07:36.610+08:00  INFO 27860 --- [service-order] [nacos-grpc-client-executor-rxs-22] com.alibaba.nacos.common.remote.client   : [be2865fd-699e-4ae5-83e5-c3c2cb878045] Ack server push request, request = NotifySubscriberRequest, requestId = 87
2026-09-21T12:07:38.202+08:00  INFO 27860 --- [service-order] [nacos-grpc-client-executor-rxs-23] com.alibaba.nacos.common.remote.client   : [be2865fd-699e-4ae5-83e5-c3c2cb878045] Receive server push request, request = NotifySubscriberRequest, requestId = 88
2026-09-21T12:07:38.202+08:00  INFO 27860 --- [service-order] [nacos-grpc-client-executor-rxs-23] com.alibaba.nacos.client.naming          : new ips(1) service: DEFAULT_GROUP@@service-id-gen -> [{"instanceId":"192.168.1.129#8085##DEFAULT_GROUP@@service-id-gen","ip":"192.168.1.129","port":8085,"weight":1.0,"healthy":true,"enabled":true,"ephemeral":true,"clusterName":"DEFAULT","serviceName":"DEFAULT_GROUP@@service-id-gen","metadata":{"preserved.register.source":"SPRING_CLOUD"},"ipDeleteTimeout":30000,"instanceHeartBeatInterval":5000,"instanceHeartBeatTimeOut":15000}]
2026-09-21T12:07:38.203+08:00  INFO 27860 --- [service-order] [nacos-grpc-client-executor-rxs-23] com.alibaba.nacos.client.naming          : current ips:(2) service: DEFAULT_GROUP@@service-id-gen -> [{"instanceId":"192.168.1.129#8084##DEFAULT_GROUP@@service-id-gen","ip":"192.168.1.129","port":8084,"weight":1.0,"healthy":true,"enabled":true,"ephemeral":true,"clusterName":"DEFAULT","serviceName":"DEFAULT_GROUP@@service-id-gen","metadata":{"preserved.register.source":"SPRING_CLOUD"},"ipDeleteTimeout":30000,"instanceHeartBeatInterval":5000,"instanceHeartBeatTimeOut":15000},{"instanceId":"192.168.1.129#8085##DEFAULT_GROUP@@service-id-gen","ip":"192.168.1.129","port":8085,"weight":1.0,"healthy":true,"enabled":true,"ephemeral":true,"clusterName":"DEFAULT","serviceName":"DEFAULT_GROUP@@service-id-gen","metadata":{"preserved.register.source":"SPRING_CLOUD"},"ipDeleteTimeout":30000,"instanceHeartBeatInterval":5000,"instanceHeartBeatTimeOut":15000}]
2026-09-21T12:07:38.209+08:00  INFO 27860 --- [service-order] [nacos-grpc-client-executor-rxs-23] com.alibaba.nacos.common.remote.client   : [be2865fd-699e-4ae5-83e5-c3c2cb878045] Ack server push request, request = NotifySubscriberRequest, requestId = 88
2026-09-21T12:07:39.815+08:00 DEBUG 27860 --- [service-order] [http-nio-8083-exec-3] com.jwy.scd.api.SysUserApi               : [SysUserApi#getUserById] ---> GET http://service-system/api/sys-user/2 HTTP/1.1
2026-09-21T12:07:39.822+08:00 DEBUG 27860 --- [service-order] [http-nio-8083-exec-3] com.jwy.scd.api.SysUserApi               : [SysUserApi#getUserById] <--- HTTP/1.1 200 (6ms)
2026-09-21T12:07:39.823+08:00  INFO 27860 --- [service-order] [http-nio-8083-exec-3] c.jwy.scd.service.impl.OrderServiceImpl  : Feign 调用成功：userId=2, username=zhangsan, nickname=张三
2026-09-21T12:07:39.946+08:00  INFO 27860 --- [service-order] [http-nio-8083-exec-3] com.jwy.scd.support.SegmentIdGenerator   : [id-gen-client] 初始化本地号段缓冲：bizTag=order, 首段=[112001, 114000] 剩余 2000/2000
2026-09-21T12:07:40.000+08:00  INFO 27860 --- [service-order] [http-nio-8083-exec-3] c.jwy.scd.service.impl.OrderServiceImpl  : 下单成功：orderNo=SO20260921112001, userId=2, 明细 1 条, 总金额 129.00
2026-09-21T12:08:57.474+08:00  INFO 27860 --- [service-order] [nacos-grpc-client-executor-rxs-16] com.alibaba.nacos.common.remote.client   : [be2865fd-699e-4ae5-83e5-c3c2cb878045] Receive server push request, request = NotifySubscriberRequest, requestId = 89
2026-09-21T12:08:57.475+08:00  INFO 27860 --- [service-order] [nacos-grpc-client-executor-rxs-16] com.alibaba.nacos.client.naming          : removed ips(1) service: DEFAULT_GROUP@@service-system -> [{"instanceId":"192.168.1.129#8081##DEFAULT_GROUP@@service-system","ip":"192.168.1.129","port":8081,"weight":1.0,"healthy":true,"enabled":true,"ephemeral":true,"clusterName":"DEFAULT","serviceName":"DEFAULT_GROUP@@service-system","metadata":{"preserved.register.source":"SPRING_CLOUD"},"ipDeleteTimeout":30000,"instanceHeartBeatInterval":5000,"instanceHeartBeatTimeOut":15000}]
2026-09-21T12:08:57.475+08:00  INFO 27860 --- [service-order] [nacos-grpc-client-executor-rxs-16] com.alibaba.nacos.client.naming          : current ips:(0) service: DEFAULT_GROUP@@service-system -> []
2026-09-21T12:08:57.482+08:00  INFO 27860 --- [service-order] [nacos-grpc-client-executor-rxs-16] com.alibaba.nacos.common.remote.client   : [be2865fd-699e-4ae5-83e5-c3c2cb878045] Ack server push request, request = NotifySubscriberRequest, requestId = 89


===== start service-order @ 2026-09-21 12:09:29 =====2026-09-21T12:09:35.092+08:00  INFO 36212 --- [service-order] [main] com.jwy.scd.ServiceOrderApplication      : Starting ServiceOrderApplication v0.0.1-SNAPSHOT using Java 21.0.12.1 with PID 36212 (E:\Data\projects\springcloud-demo\service-order\target\service-order-0.0.1-SNAPSHOT.jar started by jiang in c:\windows\system32\driverstore\filerepository\ntprint.inf_amd64_7ec90cac1a11fca1\amd64)
2026-09-21T12:09:35.094+08:00  INFO 36212 --- [service-order] [main] com.jwy.scd.ServiceOrderApplication      : No active profile set, falling back to 1 default profile: "default"
2026-09-21T12:09:35.188+08:00  INFO 36212 --- [service-order] [main] c.a.c.n.c.NacosConfigDataLoader          : [Nacos Config] Load config[dataId=service-order.yaml, group=DEFAULT_GROUP] success
2026-09-21T12:09:36.958+08:00  INFO 36212 --- [service-order] [main] o.s.cloud.context.scope.GenericScope     : BeanFactory id=cd2badf3-365b-3b7c-bed1-f6baede46176
2026-09-21T12:09:37.845+08:00  INFO 36212 --- [service-order] [main] o.s.boot.tomcat.TomcatWebServer          : Tomcat initialized with port 8083 (http)
2026-09-21T12:09:37.871+08:00  INFO 36212 --- [service-order] [main] o.apache.catalina.core.StandardService   : Starting service [Tomcat]
2026-09-21T12:09:37.872+08:00  INFO 36212 --- [service-order] [main] o.apache.catalina.core.StandardEngine    : Starting Servlet engine: [Apache Tomcat/11.0.24]
2026-09-21T12:09:37.962+08:00  INFO 36212 --- [service-order] [main] b.w.c.s.WebApplicationContextInitializer : Root WebApplicationContext: initialization completed in 2771 ms
2026-09-21T12:09:38.503+08:00  INFO 36212 --- [service-order] [main] o.s.c.openfeign.FeignClientFactoryBean   : For 'service-system' URL not provided. Will try picking an instance via load-balancing.
2026-09-21T12:09:39.176+08:00  INFO 36212 --- [service-order] [main] o.s.c.openfeign.FeignClientFactoryBean   : For 'service-id-gen' URL not provided. Will try picking an instance via load-balancing.
2026-09-21T12:09:39.187+08:00  INFO 36212 --- [service-order] [main] com.jwy.scd.support.SegmentIdGenerator   : [id-gen-client] 号段发号器已装配：bizTag=order
2026-09-21T12:09:39.409+08:00  INFO 36212 --- [service-order] [main] c.a.c.sentinel.SentinelWebMvcConfigurer  : [Sentinel Starter] register SentinelWebInterceptor with urlPatterns: [/**].
2026-09-21T12:09:40.028+08:00  INFO 36212 --- [service-order] [main] m.e.s.MybatisPlusApplicationContextAware : Register ApplicationContext instances org.springframework.boot.web.server.servlet.context.AnnotationConfigServletWebServerApplicationContext@2d119405
2026-09-21T12:09:40.374+08:00  WARN 36212 --- [service-order] [main] iguration$LoadBalancerCaffeineWarnLogger : Spring Cloud LoadBalancer is currently working with the default cache. While this cache implementation is useful for development and tests, it's recommended to use Caffeine cache in production.You can switch to using Caffeine cache, by adding it and org.springframework.cache.caffeine.CaffeineCacheManager to the classpath.
2026-09-21T12:09:40.555+08:00  INFO 36212 --- [service-order] [main] o.s.boot.tomcat.TomcatWebServer          : Tomcat started on port 8083 (http) with context path '/'
2026-09-21T12:09:40.566+08:00  INFO 36212 --- [service-order] [main] com.alibaba.nacos.client.naming          : Nacos client key init properties: 
	serverAddr=rxs:8848
	username=nacos
	password=1****6

2026-09-21T12:09:40.567+08:00  INFO 36212 --- [service-order] [main] com.alibaba.nacos.client.naming          : initializer namespace from ans.namespace attribute : null
2026-09-21T12:09:40.569+08:00  INFO 36212 --- [service-order] [main] com.alibaba.nacos.client.naming          : initializer namespace from ALIBABA_ALIWARE_NAMESPACE attribute :null
2026-09-21T12:09:40.571+08:00  INFO 36212 --- [service-order] [main] com.alibaba.nacos.client.naming          : initializer namespace from namespace attribute :null
2026-09-21T12:09:40.584+08:00  INFO 36212 --- [service-order] [main] com.alibaba.nacos.client.naming          : FailoverDataSource type is class com.alibaba.nacos.client.naming.backups.datasource.DiskFailoverDataSource
2026-09-21T12:09:40.593+08:00  INFO 36212 --- [service-order] [main] c.a.n.c.a.AbstractServerListManager      : Load and match ServerListProvider com.alibaba.nacos.client.address.EndpointServerListProvider, match result: false
2026-09-21T12:09:40.594+08:00  INFO 36212 --- [service-order] [main] c.a.n.c.a.AbstractServerListManager      : Load and match ServerListProvider com.alibaba.nacos.client.address.PropertiesListProvider, match result: true
2026-09-21T12:09:40.595+08:00  INFO 36212 --- [service-order] [main] c.a.n.c.a.AbstractServerListManager      : Will use com.alibaba.nacos.client.address.PropertiesListProvider as ServerListProvider
2026-09-21T12:09:40.599+08:00  INFO 36212 --- [service-order] [main] c.a.n.p.a.s.c.ClientAuthPluginManager    : [ClientAuthPluginManager] Load ClientAuthService com.alibaba.nacos.client.auth.impl.NacosClientAuthServiceImpl success.
2026-09-21T12:09:40.601+08:00  INFO 36212 --- [service-order] [main] c.a.n.p.a.s.c.ClientAuthPluginManager    : [ClientAuthPluginManager] Load ClientAuthService com.alibaba.nacos.client.auth.ram.RamClientAuthServiceImpl success.
2026-09-21T12:09:40.693+08:00  INFO 36212 --- [service-order] [main] com.alibaba.nacos.common.remote.client   : [RpcClientFactory] create a new rpc client of 62db076c-85a4-4d59-a471-aa7e70e54f9d
2026-09-21T12:09:40.697+08:00  INFO 36212 --- [service-order] [main] com.alibaba.nacos.client.naming          : Create naming rpc client for uuid->62db076c-85a4-4d59-a471-aa7e70e54f9d
2026-09-21T12:09:40.697+08:00  INFO 36212 --- [service-order] [main] com.alibaba.nacos.common.remote.client   : [62db076c-85a4-4d59-a471-aa7e70e54f9d] RpcClient init, ServerListFactory = com.alibaba.nacos.client.naming.core.NamingServerListManager
2026-09-21T12:09:40.698+08:00  INFO 36212 --- [service-order] [main] com.alibaba.nacos.common.remote.client   : [62db076c-85a4-4d59-a471-aa7e70e54f9d] Registry connection listener to current client:com.alibaba.nacos.client.naming.remote.gprc.redo.NamingGrpcRedoService
2026-09-21T12:09:40.699+08:00  INFO 36212 --- [service-order] [main] com.alibaba.nacos.common.remote.client   : [62db076c-85a4-4d59-a471-aa7e70e54f9d] Register server push request handler:com.alibaba.nacos.client.naming.remote.gprc.NamingPushRequestHandler
2026-09-21T12:09:40.700+08:00  INFO 36212 --- [service-order] [main] com.alibaba.nacos.common.remote.client   : [62db076c-85a4-4d59-a471-aa7e70e54f9d] Register server push request handler:com.alibaba.nacos.client.naming.remote.gprc.NamingFuzzyWatchNotifyRequestHandler
2026-09-21T12:09:40.701+08:00  INFO 36212 --- [service-order] [main] com.alibaba.nacos.common.remote.client   : [62db076c-85a4-4d59-a471-aa7e70e54f9d] Try to connect to server on start up, server: {serverIp = 'rxs', server main port = 8848}
2026-09-21T12:09:40.703+08:00  INFO 36212 --- [service-order] [main] c.a.n.c.remote.client.grpc.GrpcClient    : grpc client connection server: rxs ip, serverPort: 9848, grpcTslConfig: {"enableTls":false,"mutualAuthEnable":false,"trustAll":true}
2026-09-21T12:09:40.774+08:00  INFO 36212 --- [service-order] [main] com.alibaba.nacos.common.remote.client   : [62db076c-85a4-4d59-a471-aa7e70e54f9d] Success to connect to server [rxs:8848] on start up, connectionId = 1789963780144_172.17.0.1_47466
2026-09-21T12:09:40.775+08:00  INFO 36212 --- [service-order] [main] com.alibaba.nacos.common.remote.client   : [62db076c-85a4-4d59-a471-aa7e70e54f9d] Register server push request handler:com.alibaba.nacos.common.remote.client.RpcClient$ConnectResetRequestHandler
2026-09-21T12:09:40.775+08:00  INFO 36212 --- [service-order] [com.alibaba.nacos.client.remote.worker.0] com.alibaba.nacos.common.remote.client   : [62db076c-85a4-4d59-a471-aa7e70e54f9d] Notify connected event to listeners.
2026-09-21T12:09:40.775+08:00  INFO 36212 --- [service-order] [main] com.alibaba.nacos.common.remote.client   : [62db076c-85a4-4d59-a471-aa7e70e54f9d] Register server push request handler:com.alibaba.nacos.common.remote.client.RpcClient$$Lambda/0x000002c557438e70
2026-09-21T12:09:40.775+08:00  INFO 36212 --- [service-order] [com.alibaba.nacos.client.remote.worker.0] com.alibaba.nacos.client.naming          : Grpc connection connect
2026-09-21T12:09:40.777+08:00  INFO 36212 --- [service-order] [main] com.alibaba.nacos.client.naming          : [REGISTER-SERVICE] public registering service service-order with instance Instance{instanceId='null', ip='192.168.1.129', port=8083, weight=1.0, healthy=true, enabled=true, ephemeral=true, clusterName='', serviceName='null', metadata={IPv6=null, preserved.register.source=SPRING_CLOUD}}
2026-09-21T12:09:40.797+08:00  INFO 36212 --- [service-order] [main] c.a.c.n.registry.NacosServiceRegistry    : nacos registry, DEFAULT_GROUP service-order 192.168.1.129:8083 register finished
2026-09-21T12:09:40.814+08:00  INFO 36212 --- [service-order] [main] com.jwy.scd.ServiceOrderApplication      : Started ServiceOrderApplication in 8.806 seconds (process running for 9.853)
2026-09-21T12:09:40.978+08:00  INFO 36212 --- [service-order] [main] com.alibaba.nacos.client.naming          : [SUBSCRIBE-SERVICE] service:service-id-gen, group:DEFAULT_GROUP, clusters: 
2026-09-21T12:09:40.979+08:00  INFO 36212 --- [service-order] [main] com.alibaba.nacos.client.naming          : [GRPC-SUBSCRIBE] service:service-id-gen, group:DEFAULT_GROUP, cluster: 
2026-09-21T12:09:41.024+08:00  INFO 36212 --- [service-order] [main] com.alibaba.nacos.client.naming          : init new ips(0) service: DEFAULT_GROUP@@service-id-gen -> []
2026-09-21T12:09:41.058+08:00  WARN 36212 --- [service-order] [main] o.s.c.l.core.RoundRobinLoadBalancer      : No servers available for service: service-id-gen
2026-09-21T12:09:41.069+08:00  WARN 36212 --- [service-order] [main] .s.c.o.l.FeignBlockingLoadBalancerClient : Load balancer does not contain an instance for the service service-id-gen
2026-09-21T12:09:41.079+08:00  WARN 36212 --- [service-order] [main] com.jwy.scd.support.SegmentIdGenerator   : [id-gen-client] 号段预热失败（服务照常启动，首次发号时会重试）：bizTag=order

com.jwy.scd.api.idgen.support.SegmentUnavailableException: 向发号服务领取号段失败：bizTag=order
	at com.jwy.scd.support.SegmentIdGenerator.initBuffer(SegmentIdGenerator.java:141) ~[!/:0.0.1-SNAPSHOT]
	at com.jwy.scd.support.SegmentIdGenerator.warmUp(SegmentIdGenerator.java:111) ~[!/:0.0.1-SNAPSHOT]
	at com.jwy.scd.support.IdGenWarmUpRunner.run(IdGenWarmUpRunner.java:41) ~[!/:0.0.1-SNAPSHOT]
	at org.springframework.boot.SpringApplication.lambda$callRunner$0(SpringApplication.java:788) ~[spring-boot-4.0.8.jar!/:4.0.8]
	at org.springframework.util.function.ThrowingConsumer$1.acceptWithException(ThrowingConsumer.java:82) ~[spring-core-7.0.9.jar!/:7.0.9]
	at org.springframework.util.function.ThrowingConsumer.accept(ThrowingConsumer.java:60) ~[spring-core-7.0.9.jar!/:7.0.9]
	at org.springframework.util.function.ThrowingConsumer$1.accept(ThrowingConsumer.java:86) ~[spring-core-7.0.9.jar!/:7.0.9]
	at org.springframework.boot.SpringApplication.callRunner(SpringApplication.java:800) ~[spring-boot-4.0.8.jar!/:4.0.8]
	at org.springframework.boot.SpringApplication.callRunner(SpringApplication.java:788) ~[spring-boot-4.0.8.jar!/:4.0.8]
	at org.springframework.boot.SpringApplication.lambda$callRunners$0(SpringApplication.java:776) ~[spring-boot-4.0.8.jar!/:4.0.8]
	at java.base/java.util.stream.ForEachOps$ForEachOp$OfRef.accept(ForEachOps.java:184) ~[na:na]
	at java.base/java.util.stream.SortedOps$SizedRefSortingSink.end(SortedOps.java:357) ~[na:na]
	at java.base/java.util.stream.AbstractPipeline.copyInto(AbstractPipeline.java:510) ~[na:na]
	at java.base/java.util.stream.AbstractPipeline.wrapAndCopyInto(AbstractPipeline.java:499) ~[na:na]
	at java.base/java.util.stream.ForEachOps$ForEachOp.evaluateSequential(ForEachOps.java:151) ~[na:na]
	at java.base/java.util.stream.ForEachOps$ForEachOp$OfRef.evaluateSequential(ForEachOps.java:174) ~[na:na]
	at java.base/java.util.stream.AbstractPipeline.evaluate(AbstractPipeline.java:234) ~[na:na]
	at java.base/java.util.stream.ReferencePipeline.forEach(ReferencePipeline.java:596) ~[na:na]
	at org.springframework.boot.SpringApplication.callRunners(SpringApplication.java:776) ~[spring-boot-4.0.8.jar!/:4.0.8]
	at org.springframework.boot.SpringApplication.run(SpringApplication.java:328) ~[spring-boot-4.0.8.jar!/:4.0.8]
	at org.springframework.boot.SpringApplication.run(SpringApplication.java:1365) ~[spring-boot-4.0.8.jar!/:4.0.8]
	at org.springframework.boot.SpringApplication.run(SpringApplication.java:1354) ~[spring-boot-4.0.8.jar!/:4.0.8]
	at com.jwy.scd.ServiceOrderApplication.main(ServiceOrderApplication.java:55) ~[!/:0.0.1-SNAPSHOT]
	at java.base/jdk.internal.reflect.DirectMethodHandleAccessor.invoke(DirectMethodHandleAccessor.java:103) ~[na:na]
	at java.base/java.lang.reflect.Method.invoke(Method.java:580) ~[na:na]
	at org.springframework.boot.loader.launch.Launcher.launch(Launcher.java:106) ~[service-order-0.0.1-SNAPSHOT.jar:0.0.1-SNAPSHOT]
	at org.springframework.boot.loader.launch.Launcher.launch(Launcher.java:64) ~[service-order-0.0.1-SNAPSHOT.jar:0.0.1-SNAPSHOT]
	at org.springframework.boot.loader.launch.JarLauncher.main(JarLauncher.java:40) ~[service-order-0.0.1-SNAPSHOT.jar:0.0.1-SNAPSHOT]
Caused by: feign.FeignException$ServiceUnavailable: [503] during [GET] to [http://service-id-gen/api/id/segment?bizTag=order] [IdGenApi#getSegment(String)]: [Load balancer does not contain an instance for the service service-id-gen]
	at feign.FeignException.serverErrorStatus(FeignException.java:287) ~[feign-core-13.6.jar!/:na]
	at feign.FeignException.errorStatus(FeignException.java:226) ~[feign-core-13.6.jar!/:na]
	at feign.FeignException.errorStatus(FeignException.java:213) ~[feign-core-13.6.jar!/:na]
	at feign.codec.ErrorDecoder$Default.decode(ErrorDecoder.java:103) ~[feign-core-13.6.jar!/:na]
	at feign.InvocationContext.decodeError(InvocationContext.java:133) ~[feign-core-13.6.jar!/:na]
	at feign.InvocationContext.proceed(InvocationContext.java:80) ~[feign-core-13.6.jar!/:na]
	at feign.ResponseHandler.handleResponse(ResponseHandler.java:69) ~[feign-core-13.6.jar!/:na]
	at feign.SynchronousMethodHandler.executeAndDecode(SynchronousMethodHandler.java:109) ~[feign-core-13.6.jar!/:na]
	at feign.SynchronousMethodHandler.invoke(SynchronousMethodHandler.java:53) ~[feign-core-13.6.jar!/:na]
	at feign.ReflectiveFeign$FeignInvocationHandler.invoke(ReflectiveFeign.java:104) ~[feign-core-13.6.jar!/:na]
	at jdk.proxy2/jdk.proxy2.$Proxy126.getSegment(Unknown Source) ~[na:na]
	at com.jwy.scd.support.SegmentIdGenerator.fetchSegment(SegmentIdGenerator.java:157) ~[!/:0.0.1-SNAPSHOT]
	at com.jwy.scd.support.SegmentIdGenerator.initBuffer(SegmentIdGenerator.java:135) ~[!/:0.0.1-SNAPSHOT]
	... 27 common frames omitted

2026-09-21T12:09:41.089+08:00  INFO 36212 --- [service-order] [main] com.jwy.scd.support.IdGenWarmUpRunner    : [id-gen-client] 启动预热结束（bizTag=order），耗时 263 ms；本地缓冲=未初始化（尚未领到号段）
2026-09-21T12:09:41.091+08:00  WARN 36212 --- [service-order] [main] o.s.core.events.SpringDocAppInitializer  : SpringDoc /v3/api-docs endpoint is enabled by default. To disable it in production, set the property 'springdoc.api-docs.enabled=false'
2026-09-21T12:09:41.093+08:00  WARN 36212 --- [service-order] [main] o.s.core.events.SpringDocAppInitializer  : SpringDoc /swagger-ui.html endpoint is enabled by default. To disable it in production, set the property 'springdoc.swagger-ui.enabled=false'
2026-09-21T12:09:41.101+08:00  INFO 36212 --- [service-order] [main] c.a.nacos.client.config.impl.CacheData   : config listener notify warn timeout millis use default 60000 millis 
2026-09-21T12:09:41.102+08:00  INFO 36212 --- [service-order] [main] c.a.nacos.client.config.impl.CacheData   : nacos.cache.data.init.snapshot = true 
2026-09-21T12:09:41.108+08:00  INFO 36212 --- [service-order] [main] c.a.n.client.config.impl.ClientWorker    : [Config-fixed-public-rxs_8848] [subscribe] service-order.yaml+DEFAULT_GROUP+public
2026-09-21T12:09:41.111+08:00  INFO 36212 --- [service-order] [main] c.a.nacos.client.config.impl.CacheData   : [Config-fixed-public-rxs_8848] [add-listener] ok, tenant=public, dataId=service-order.yaml, group=DEFAULT_GROUP, cnt=1
2026-09-21T12:09:41.111+08:00  INFO 36212 --- [service-order] [main] c.a.c.n.refresh.NacosContextRefresher    : [Nacos Config] Listening config: dataId=service-order.yaml, group=DEFAULT_GROUP
2026-09-21T12:09:41.578+08:00  INFO 36212 --- [service-order] [nacos-grpc-client-executor-rxs-14] com.alibaba.nacos.common.remote.client   : [62db076c-85a4-4d59-a471-aa7e70e54f9d] Receive server push request, request = NotifySubscriberRequest, requestId = 91
2026-09-21T12:09:41.579+08:00  INFO 36212 --- [service-order] [nacos-grpc-client-executor-rxs-14] com.alibaba.nacos.common.remote.client   : [62db076c-85a4-4d59-a471-aa7e70e54f9d] Ack server push request, request = NotifySubscriberRequest, requestId = 91
2026-09-21T12:09:44.787+08:00  INFO 36212 --- [service-order] [nacos-grpc-client-executor-rxs-15] com.alibaba.nacos.common.remote.client   : [62db076c-85a4-4d59-a471-aa7e70e54f9d] Receive server push request, request = NotifySubscriberRequest, requestId = 92
2026-09-21T12:09:44.789+08:00  INFO 36212 --- [service-order] [nacos-grpc-client-executor-rxs-15] com.alibaba.nacos.client.naming          : new ips(1) service: DEFAULT_GROUP@@service-id-gen -> [{"instanceId":"192.168.1.129#8084##DEFAULT_GROUP@@service-id-gen","ip":"192.168.1.129","port":8084,"weight":1.0,"healthy":true,"enabled":true,"ephemeral":true,"clusterName":"DEFAULT","serviceName":"DEFAULT_GROUP@@service-id-gen","metadata":{"preserved.register.source":"SPRING_CLOUD"},"instanceHeartBeatTimeOut":15000,"instanceHeartBeatInterval":5000,"ipDeleteTimeout":30000}]
2026-09-21T12:09:44.789+08:00  INFO 36212 --- [service-order] [nacos-grpc-client-executor-rxs-15] com.alibaba.nacos.client.naming          : current ips:(1) service: DEFAULT_GROUP@@service-id-gen -> [{"instanceId":"192.168.1.129#8084##DEFAULT_GROUP@@service-id-gen","ip":"192.168.1.129","port":8084,"weight":1.0,"healthy":true,"enabled":true,"ephemeral":true,"clusterName":"DEFAULT","serviceName":"DEFAULT_GROUP@@service-id-gen","metadata":{"preserved.register.source":"SPRING_CLOUD"},"instanceHeartBeatTimeOut":15000,"instanceHeartBeatInterval":5000,"ipDeleteTimeout":30000}]
2026-09-21T12:09:44.802+08:00  INFO 36212 --- [service-order] [nacos-grpc-client-executor-rxs-15] com.alibaba.nacos.common.remote.client   : [62db076c-85a4-4d59-a471-aa7e70e54f9d] Ack server push request, request = NotifySubscriberRequest, requestId = 92
2026-09-21T12:09:46.686+08:00  INFO 36212 --- [service-order] [nacos-grpc-client-executor-rxs-16] com.alibaba.nacos.common.remote.client   : [62db076c-85a4-4d59-a471-aa7e70e54f9d] Receive server push request, request = NotifySubscriberRequest, requestId = 93
2026-09-21T12:09:46.687+08:00  INFO 36212 --- [service-order] [nacos-grpc-client-executor-rxs-16] com.alibaba.nacos.client.naming          : new ips(1) service: DEFAULT_GROUP@@service-id-gen -> [{"instanceId":"192.168.1.129#8085##DEFAULT_GROUP@@service-id-gen","ip":"192.168.1.129","port":8085,"weight":1.0,"healthy":true,"enabled":true,"ephemeral":true,"clusterName":"DEFAULT","serviceName":"DEFAULT_GROUP@@service-id-gen","metadata":{"preserved.register.source":"SPRING_CLOUD"},"instanceHeartBeatTimeOut":15000,"instanceHeartBeatInterval":5000,"ipDeleteTimeout":30000}]
2026-09-21T12:09:46.687+08:00  INFO 36212 --- [service-order] [nacos-grpc-client-executor-rxs-16] com.alibaba.nacos.client.naming          : current ips:(2) service: DEFAULT_GROUP@@service-id-gen -> [{"instanceId":"192.168.1.129#8084##DEFAULT_GROUP@@service-id-gen","ip":"192.168.1.129","port":8084,"weight":1.0,"healthy":true,"enabled":true,"ephemeral":true,"clusterName":"DEFAULT","serviceName":"DEFAULT_GROUP@@service-id-gen","metadata":{"preserved.register.source":"SPRING_CLOUD"},"instanceHeartBeatTimeOut":15000,"instanceHeartBeatInterval":5000,"ipDeleteTimeout":30000},{"instanceId":"192.168.1.129#8085##DEFAULT_GROUP@@service-id-gen","ip":"192.168.1.129","port":8085,"weight":1.0,"healthy":true,"enabled":true,"ephemeral":true,"clusterName":"DEFAULT","serviceName":"DEFAULT_GROUP@@service-id-gen","metadata":{"preserved.register.source":"SPRING_CLOUD"},"instanceHeartBeatTimeOut":15000,"instanceHeartBeatInterval":5000,"ipDeleteTimeout":30000}]
2026-09-21T12:09:46.692+08:00  INFO 36212 --- [service-order] [nacos-grpc-client-executor-rxs-16] com.alibaba.nacos.common.remote.client   : [62db076c-85a4-4d59-a471-aa7e70e54f9d] Ack server push request, request = NotifySubscriberRequest, requestId = 93
2026-09-21T12:10:37.028+08:00  INFO 36212 --- [service-order] [http-nio-8083-exec-8] o.a.c.c.C.[Tomcat].[localhost].[/]       : Initializing Spring DispatcherServlet 'dispatcherServlet'
2026-09-21T12:10:37.029+08:00  INFO 36212 --- [service-order] [http-nio-8083-exec-8] o.s.web.servlet.DispatcherServlet        : Initializing Servlet 'dispatcherServlet'
2026-09-21T12:10:37.031+08:00  INFO 36212 --- [service-order] [http-nio-8083-exec-8] o.s.web.servlet.DispatcherServlet        : Completed initialization in 1 ms
2026-09-21T12:10:37.209+08:00  INFO 36212 --- [service-order] [http-nio-8083-exec-8] com.zaxxer.hikari.HikariDataSource       : HikariPool-1 - Starting...
2026-09-21T12:10:37.389+08:00  INFO 36212 --- [service-order] [http-nio-8083-exec-8] com.zaxxer.hikari.pool.HikariPool        : HikariPool-1 - Added connection com.mysql.cj.jdbc.ConnectionImpl@21b05488
2026-09-21T12:10:37.391+08:00  INFO 36212 --- [service-order] [http-nio-8083-exec-8] com.zaxxer.hikari.HikariDataSource       : HikariPool-1 - Start completed.
2026-09-21T12:10:38.418+08:00 DEBUG 36212 --- [service-order] [http-nio-8083-exec-4] com.jwy.scd.api.SysUserApi               : [SysUserApi#getUserById] ---> GET http://service-system/api/sys-user/2 HTTP/1.1
2026-09-21T12:10:38.430+08:00  INFO 36212 --- [service-order] [http-nio-8083-exec-4] com.alibaba.nacos.client.naming          : [SUBSCRIBE-SERVICE] service:service-system, group:DEFAULT_GROUP, clusters: 
2026-09-21T12:10:38.430+08:00  INFO 36212 --- [service-order] [http-nio-8083-exec-4] com.alibaba.nacos.client.naming          : [GRPC-SUBSCRIBE] service:service-system, group:DEFAULT_GROUP, cluster: 
2026-09-21T12:10:38.437+08:00  INFO 36212 --- [service-order] [http-nio-8083-exec-4] com.alibaba.nacos.client.naming          : init new ips(1) service: DEFAULT_GROUP@@service-system -> [{"instanceId":"192.168.1.129#8081##DEFAULT_GROUP@@service-system","ip":"192.168.1.129","port":8081,"weight":1.0,"healthy":true,"enabled":true,"ephemeral":true,"clusterName":"DEFAULT","serviceName":"DEFAULT_GROUP@@service-system","metadata":{"preserved.register.source":"SPRING_CLOUD"},"instanceHeartBeatTimeOut":15000,"instanceHeartBeatInterval":5000,"ipDeleteTimeout":30000}]
2026-09-21T12:10:38.437+08:00  INFO 36212 --- [service-order] [http-nio-8083-exec-4] com.alibaba.nacos.client.naming          : current ips:(1) service: DEFAULT_GROUP@@service-system -> [{"instanceId":"192.168.1.129#8081##DEFAULT_GROUP@@service-system","ip":"192.168.1.129","port":8081,"weight":1.0,"healthy":true,"enabled":true,"ephemeral":true,"clusterName":"DEFAULT","serviceName":"DEFAULT_GROUP@@service-system","metadata":{"preserved.register.source":"SPRING_CLOUD"},"instanceHeartBeatTimeOut":15000,"instanceHeartBeatInterval":5000,"ipDeleteTimeout":30000}]
2026-09-21T12:10:38.464+08:00 DEBUG 36212 --- [service-order] [http-nio-8083-exec-4] com.jwy.scd.api.SysUserApi               : [SysUserApi#getUserById] <--- HTTP/1.1 200 (45ms)
2026-09-21T12:10:38.471+08:00  INFO 36212 --- [service-order] [http-nio-8083-exec-4] c.jwy.scd.service.impl.OrderServiceImpl  : Feign 调用成功：userId=2, username=zhangsan, nickname=张三
2026-09-21T12:10:38.523+08:00  INFO 36212 --- [service-order] [http-nio-8083-exec-4] com.jwy.scd.support.SegmentIdGenerator   : [id-gen-client] 初始化本地号段缓冲：bizTag=order, 首段=[514001, 614000] 剩余 100000/100000
2026-09-21T12:10:38.562+08:00  INFO 36212 --- [service-order] [http-nio-8083-exec-4] c.jwy.scd.service.impl.OrderServiceImpl  : 下单成功：orderNo=SO20260921514001, userId=2, 明细 1 条, 总金额 129.00
2026-09-21T12:10:38.606+08:00 DEBUG 36212 --- [service-order] [http-nio-8083-exec-1] com.jwy.scd.api.SysUserApi               : [SysUserApi#getUserById] ---> GET http://service-system/api/sys-user/2 HTTP/1.1
2026-09-21T12:10:38.608+08:00 DEBUG 36212 --- [service-order] [http-nio-8083-exec-6] com.jwy.scd.api.SysUserApi               : [SysUserApi#getUserById] ---> GET http://service-system/api/sys-user/2 HTTP/1.1
2026-09-21T12:10:38.608+08:00 DEBUG 36212 --- [service-order] [http-nio-8083-exec-5] com.jwy.scd.api.SysUserApi               : [SysUserApi#getUserById] ---> GET http://service-system/api/sys-user/2 HTTP/1.1
2026-09-21T12:10:38.614+08:00 DEBUG 36212 --- [service-order] [http-nio-8083-exec-1] com.jwy.scd.api.SysUserApi               : [SysUserApi#getUserById] <--- HTTP/1.1 200 (7ms)
2026-09-21T12:10:38.615+08:00 DEBUG 36212 --- [service-order] [http-nio-8083-exec-9] com.jwy.scd.api.SysUserApi               : [SysUserApi#getUserById] ---> GET http://service-system/api/sys-user/2 HTTP/1.1
2026-09-21T12:10:38.615+08:00 DEBUG 36212 --- [service-order] [http-nio-8083-exec-10] com.jwy.scd.api.SysUserApi               : [SysUserApi#getUserById] ---> GET http://service-system/api/sys-user/2 HTTP/1.1
2026-09-21T12:10:38.615+08:00  INFO 36212 --- [service-order] [http-nio-8083-exec-1] c.jwy.scd.service.impl.OrderServiceImpl  : Feign 调用成功：userId=2, username=zhangsan, nickname=张三
2026-09-21T12:10:38.616+08:00 DEBUG 36212 --- [service-order] [http-nio-8083-exec-6] com.jwy.scd.api.SysUserApi               : [SysUserApi#getUserById] <--- HTTP/1.1 200 (8ms)
2026-09-21T12:10:38.617+08:00  INFO 36212 --- [service-order] [http-nio-8083-exec-6] c.jwy.scd.service.impl.OrderServiceImpl  : Feign 调用成功：userId=2, username=zhangsan, nickname=张三
2026-09-21T12:10:38.620+08:00 DEBUG 36212 --- [service-order] [http-nio-8083-exec-5] com.jwy.scd.api.SysUserApi               : [SysUserApi#getUserById] <--- HTTP/1.1 200 (11ms)
2026-09-21T12:10:38.620+08:00  INFO 36212 --- [service-order] [http-nio-8083-exec-5] c.jwy.scd.service.impl.OrderServiceImpl  : Feign 调用成功：userId=2, username=zhangsan, nickname=张三
2026-09-21T12:10:38.622+08:00 DEBUG 36212 --- [service-order] [http-nio-8083-exec-10] com.jwy.scd.api.SysUserApi               : [SysUserApi#getUserById] <--- HTTP/1.1 200 (6ms)
2026-09-21T12:10:38.622+08:00 DEBUG 36212 --- [service-order] [http-nio-8083-exec-9] com.jwy.scd.api.SysUserApi               : [SysUserApi#getUserById] <--- HTTP/1.1 200 (6ms)
2026-09-21T12:10:38.622+08:00  INFO 36212 --- [service-order] [http-nio-8083-exec-10] c.jwy.scd.service.impl.OrderServiceImpl  : Feign 调用成功：userId=2, username=zhangsan, nickname=张三
2026-09-21T12:10:38.622+08:00  INFO 36212 --- [service-order] [http-nio-8083-exec-9] c.jwy.scd.service.impl.OrderServiceImpl  : Feign 调用成功：userId=2, username=zhangsan, nickname=张三
2026-09-21T12:10:38.641+08:00  INFO 36212 --- [service-order] [http-nio-8083-exec-1] c.jwy.scd.service.impl.OrderServiceImpl  : 下单成功：orderNo=SO20260921514002, userId=2, 明细 1 条, 总金额 129.00
2026-09-21T12:10:38.660+08:00 DEBUG 36212 --- [service-order] [http-nio-8083-exec-7] com.jwy.scd.api.SysUserApi               : [SysUserApi#getUserById] ---> GET http://service-system/api/sys-user/2 HTTP/1.1
2026-09-21T12:10:38.663+08:00  INFO 36212 --- [service-order] [http-nio-8083-exec-6] c.jwy.scd.service.impl.OrderServiceImpl  : 下单成功：orderNo=SO20260921514003, userId=2, 明细 1 条, 总金额 129.00
2026-09-21T12:10:38.668+08:00 DEBUG 36212 --- [service-order] [http-nio-8083-exec-7] com.jwy.scd.api.SysUserApi               : [SysUserApi#getUserById] <--- HTTP/1.1 200 (6ms)
2026-09-21T12:10:38.669+08:00  INFO 36212 --- [service-order] [http-nio-8083-exec-7] c.jwy.scd.service.impl.OrderServiceImpl  : Feign 调用成功：userId=2, username=zhangsan, nickname=张三
2026-09-21T12:10:38.683+08:00 DEBUG 36212 --- [service-order] [http-nio-8083-exec-2] com.jwy.scd.api.SysUserApi               : [SysUserApi#getUserById] ---> GET http://service-system/api/sys-user/2 HTTP/1.1
2026-09-21T12:10:38.685+08:00  INFO 36212 --- [service-order] [http-nio-8083-exec-5] c.jwy.scd.service.impl.OrderServiceImpl  : 下单成功：orderNo=SO20260921514004, userId=2, 明细 1 条, 总金额 129.00
2026-09-21T12:10:38.690+08:00 DEBUG 36212 --- [service-order] [http-nio-8083-exec-2] com.jwy.scd.api.SysUserApi               : [SysUserApi#getUserById] <--- HTTP/1.1 200 (5ms)
2026-09-21T12:10:38.690+08:00  INFO 36212 --- [service-order] [http-nio-8083-exec-2] c.jwy.scd.service.impl.OrderServiceImpl  : Feign 调用成功：userId=2, username=zhangsan, nickname=张三
2026-09-21T12:10:38.706+08:00  INFO 36212 --- [service-order] [http-nio-8083-exec-9] c.jwy.scd.service.impl.OrderServiceImpl  : 下单成功：orderNo=SO20260921514005, userId=2, 明细 1 条, 总金额 129.00
2026-09-21T12:10:38.708+08:00 DEBUG 36212 --- [service-order] [http-nio-8083-exec-3] com.jwy.scd.api.SysUserApi               : [SysUserApi#getUserById] ---> GET http://service-system/api/sys-user/2 HTTP/1.1
2026-09-21T12:10:38.713+08:00 DEBUG 36212 --- [service-order] [http-nio-8083-exec-3] com.jwy.scd.api.SysUserApi               : [SysUserApi#getUserById] <--- HTTP/1.1 200 (4ms)
2026-09-21T12:10:38.714+08:00  INFO 36212 --- [service-order] [http-nio-8083-exec-3] c.jwy.scd.service.impl.OrderServiceImpl  : Feign 调用成功：userId=2, username=zhangsan, nickname=张三
2026-09-21T12:10:38.722+08:00 DEBUG 36212 --- [service-order] [http-nio-8083-exec-8] com.jwy.scd.api.SysUserApi               : [SysUserApi#getUserById] ---> GET http://service-system/api/sys-user/2 HTTP/1.1
2026-09-21T12:10:38.722+08:00  INFO 36212 --- [service-order] [http-nio-8083-exec-10] c.jwy.scd.service.impl.OrderServiceImpl  : 下单成功：orderNo=SO20260921514006, userId=2, 明细 1 条, 总金额 129.00
2026-09-21T12:10:38.728+08:00 DEBUG 36212 --- [service-order] [http-nio-8083-exec-8] com.jwy.scd.api.SysUserApi               : [SysUserApi#getUserById] <--- HTTP/1.1 200 (4ms)
2026-09-21T12:10:38.728+08:00  INFO 36212 --- [service-order] [http-nio-8083-exec-8] c.jwy.scd.service.impl.OrderServiceImpl  : Feign 调用成功：userId=2, username=zhangsan, nickname=张三
2026-09-21T12:10:38.742+08:00 DEBUG 36212 --- [service-order] [http-nio-8083-exec-4] com.jwy.scd.api.SysUserApi               : [SysUserApi#getUserById] ---> GET http://service-system/api/sys-user/2 HTTP/1.1
2026-09-21T12:10:38.742+08:00  INFO 36212 --- [service-order] [http-nio-8083-exec-7] c.jwy.scd.service.impl.OrderServiceImpl  : 下单成功：orderNo=SO20260921514007, userId=2, 明细 1 条, 总金额 129.00
2026-09-21T12:10:38.746+08:00 DEBUG 36212 --- [service-order] [http-nio-8083-exec-4] com.jwy.scd.api.SysUserApi               : [SysUserApi#getUserById] <--- HTTP/1.1 200 (4ms)
2026-09-21T12:10:38.747+08:00  INFO 36212 --- [service-order] [http-nio-8083-exec-4] c.jwy.scd.service.impl.OrderServiceImpl  : Feign 调用成功：userId=2, username=zhangsan, nickname=张三
2026-09-21T12:10:38.758+08:00 DEBUG 36212 --- [service-order] [http-nio-8083-exec-1] com.jwy.scd.api.SysUserApi               : [SysUserApi#getUserById] ---> GET http://service-system/api/sys-user/2 HTTP/1.1
2026-09-21T12:10:38.765+08:00  INFO 36212 --- [service-order] [http-nio-8083-exec-2] c.jwy.scd.service.impl.OrderServiceImpl  : 下单成功：orderNo=SO20260921514008, userId=2, 明细 1 条, 总金额 129.00
2026-09-21T12:10:38.766+08:00 DEBUG 36212 --- [service-order] [http-nio-8083-exec-1] com.jwy.scd.api.SysUserApi               : [SysUserApi#getUserById] <--- HTTP/1.1 200 (7ms)
2026-09-21T12:10:38.766+08:00  INFO 36212 --- [service-order] [http-nio-8083-exec-1] c.jwy.scd.service.impl.OrderServiceImpl  : Feign 调用成功：userId=2, username=zhangsan, nickname=张三
2026-09-21T12:10:38.778+08:00 DEBUG 36212 --- [service-order] [http-nio-8083-exec-6] com.jwy.scd.api.SysUserApi               : [SysUserApi#getUserById] ---> GET http://service-system/api/sys-user/2 HTTP/1.1
2026-09-21T12:10:38.778+08:00  INFO 36212 --- [service-order] [http-nio-8083-exec-3] c.jwy.scd.service.impl.OrderServiceImpl  : 下单成功：orderNo=SO20260921514009, userId=2, 明细 1 条, 总金额 129.00
2026-09-21T12:10:38.782+08:00 DEBUG 36212 --- [service-order] [http-nio-8083-exec-6] com.jwy.scd.api.SysUserApi               : [SysUserApi#getUserById] <--- HTTP/1.1 200 (4ms)
2026-09-21T12:10:38.783+08:00  INFO 36212 --- [service-order] [http-nio-8083-exec-6] c.jwy.scd.service.impl.OrderServiceImpl  : Feign 调用成功：userId=2, username=zhangsan, nickname=张三
2026-09-21T12:10:38.796+08:00 DEBUG 36212 --- [service-order] [http-nio-8083-exec-5] com.jwy.scd.api.SysUserApi               : [SysUserApi#getUserById] ---> GET http://service-system/api/sys-user/2 HTTP/1.1
2026-09-21T12:10:38.796+08:00  INFO 36212 --- [service-order] [http-nio-8083-exec-8] c.jwy.scd.service.impl.OrderServiceImpl  : 下单成功：orderNo=SO20260921514010, userId=2, 明细 1 条, 总金额 129.00
2026-09-21T12:10:38.800+08:00 DEBUG 36212 --- [service-order] [http-nio-8083-exec-5] com.jwy.scd.api.SysUserApi               : [SysUserApi#getUserById] <--- HTTP/1.1 200 (4ms)
2026-09-21T12:10:38.801+08:00  INFO 36212 --- [service-order] [http-nio-8083-exec-5] c.jwy.scd.service.impl.OrderServiceImpl  : Feign 调用成功：userId=2, username=zhangsan, nickname=张三
2026-09-21T12:10:38.814+08:00 DEBUG 36212 --- [service-order] [http-nio-8083-exec-9] com.jwy.scd.api.SysUserApi               : [SysUserApi#getUserById] ---> GET http://service-system/api/sys-user/2 HTTP/1.1
2026-09-21T12:10:38.814+08:00  INFO 36212 --- [service-order] [http-nio-8083-exec-4] c.jwy.scd.service.impl.OrderServiceImpl  : 下单成功：orderNo=SO20260921514011, userId=2, 明细 1 条, 总金额 129.00
2026-09-21T12:10:38.818+08:00 DEBUG 36212 --- [service-order] [http-nio-8083-exec-9] com.jwy.scd.api.SysUserApi               : [SysUserApi#getUserById] <--- HTTP/1.1 200 (4ms)
2026-09-21T12:10:38.819+08:00  INFO 36212 --- [service-order] [http-nio-8083-exec-9] c.jwy.scd.service.impl.OrderServiceImpl  : Feign 调用成功：userId=2, username=zhangsan, nickname=张三
2026-09-21T12:10:38.839+08:00 DEBUG 36212 --- [service-order] [http-nio-8083-exec-10] com.jwy.scd.api.SysUserApi               : [SysUserApi#getUserById] ---> GET http://service-system/api/sys-user/2 HTTP/1.1
2026-09-21T12:10:38.840+08:00  INFO 36212 --- [service-order] [http-nio-8083-exec-1] c.jwy.scd.service.impl.OrderServiceImpl  : 下单成功：orderNo=SO20260921514012, userId=2, 明细 1 条, 总金额 129.00
2026-09-21T12:10:38.844+08:00 DEBUG 36212 --- [service-order] [http-nio-8083-exec-10] com.jwy.scd.api.SysUserApi               : [SysUserApi#getUserById] <--- HTTP/1.1 200 (4ms)
2026-09-21T12:10:38.845+08:00  INFO 36212 --- [service-order] [http-nio-8083-exec-10] c.jwy.scd.service.impl.OrderServiceImpl  : Feign 调用成功：userId=2, username=zhangsan, nickname=张三
2026-09-21T12:10:38.857+08:00 DEBUG 36212 --- [service-order] [http-nio-8083-exec-7] com.jwy.scd.api.SysUserApi               : [SysUserApi#getUserById] ---> GET http://service-system/api/sys-user/2 HTTP/1.1
2026-09-21T12:10:38.858+08:00  INFO 36212 --- [service-order] [http-nio-8083-exec-6] c.jwy.scd.service.impl.OrderServiceImpl  : 下单成功：orderNo=SO20260921514013, userId=2, 明细 1 条, 总金额 129.00
2026-09-21T12:10:38.862+08:00 DEBUG 36212 --- [service-order] [http-nio-8083-exec-7] com.jwy.scd.api.SysUserApi               : [SysUserApi#getUserById] <--- HTTP/1.1 200 (4ms)
2026-09-21T12:10:38.863+08:00  INFO 36212 --- [service-order] [http-nio-8083-exec-7] c.jwy.scd.service.impl.OrderServiceImpl  : Feign 调用成功：userId=2, username=zhangsan, nickname=张三
2026-09-21T12:10:38.869+08:00 DEBUG 36212 --- [service-order] [http-nio-8083-exec-2] com.jwy.scd.api.SysUserApi               : [SysUserApi#getUserById] ---> GET http://service-system/api/sys-user/2 HTTP/1.1
2026-09-21T12:10:38.871+08:00  INFO 36212 --- [service-order] [http-nio-8083-exec-5] c.jwy.scd.service.impl.OrderServiceImpl  : 下单成功：orderNo=SO20260921514014, userId=2, 明细 1 条, 总金额 129.00
2026-09-21T12:10:38.873+08:00 DEBUG 36212 --- [service-order] [http-nio-8083-exec-2] com.jwy.scd.api.SysUserApi               : [SysUserApi#getUserById] <--- HTTP/1.1 200 (4ms)
2026-09-21T12:10:38.874+08:00  INFO 36212 --- [service-order] [http-nio-8083-exec-2] c.jwy.scd.service.impl.OrderServiceImpl  : Feign 调用成功：userId=2, username=zhangsan, nickname=张三
2026-09-21T12:10:38.882+08:00 DEBUG 36212 --- [service-order] [http-nio-8083-exec-3] com.jwy.scd.api.SysUserApi               : [SysUserApi#getUserById] ---> GET http://service-system/api/sys-user/2 HTTP/1.1
2026-09-21T12:10:38.883+08:00  INFO 36212 --- [service-order] [http-nio-8083-exec-9] c.jwy.scd.service.impl.OrderServiceImpl  : 下单成功：orderNo=SO20260921514015, userId=2, 明细 1 条, 总金额 129.00
2026-09-21T12:10:38.887+08:00 DEBUG 36212 --- [service-order] [http-nio-8083-exec-3] com.jwy.scd.api.SysUserApi               : [SysUserApi#getUserById] <--- HTTP/1.1 200 (4ms)
2026-09-21T12:10:38.888+08:00  INFO 36212 --- [service-order] [http-nio-8083-exec-3] c.jwy.scd.service.impl.OrderServiceImpl  : Feign 调用成功：userId=2, username=zhangsan, nickname=张三
2026-09-21T12:10:38.895+08:00 DEBUG 36212 --- [service-order] [http-nio-8083-exec-8] com.jwy.scd.api.SysUserApi               : [SysUserApi#getUserById] ---> GET http://service-system/api/sys-user/2 HTTP/1.1
2026-09-21T12:10:38.895+08:00  INFO 36212 --- [service-order] [http-nio-8083-exec-10] c.jwy.scd.service.impl.OrderServiceImpl  : 下单成功：orderNo=SO20260921514016, userId=2, 明细 1 条, 总金额 129.00
2026-09-21T12:10:38.903+08:00 DEBUG 36212 --- [service-order] [http-nio-8083-exec-8] com.jwy.scd.api.SysUserApi               : [SysUserApi#getUserById] <--- HTTP/1.1 200 (8ms)
2026-09-21T12:10:38.904+08:00  INFO 36212 --- [service-order] [http-nio-8083-exec-8] c.jwy.scd.service.impl.OrderServiceImpl  : Feign 调用成功：userId=2, username=zhangsan, nickname=张三
2026-09-21T12:10:38.906+08:00 DEBUG 36212 --- [service-order] [http-nio-8083-exec-4] com.jwy.scd.api.SysUserApi               : [SysUserApi#getUserById] ---> GET http://service-system/api/sys-user/2 HTTP/1.1
2026-09-21T12:10:38.911+08:00 DEBUG 36212 --- [service-order] [http-nio-8083-exec-4] com.jwy.scd.api.SysUserApi               : [SysUserApi#getUserById] <--- HTTP/1.1 200 (4ms)
2026-09-21T12:10:38.911+08:00  INFO 36212 --- [service-order] [http-nio-8083-exec-7] c.jwy.scd.service.impl.OrderServiceImpl  : 下单成功：orderNo=SO20260921514017, userId=2, 明细 1 条, 总金额 129.00
2026-09-21T12:10:38.912+08:00  INFO 36212 --- [service-order] [http-nio-8083-exec-4] c.jwy.scd.service.impl.OrderServiceImpl  : Feign 调用成功：userId=2, username=zhangsan, nickname=张三
2026-09-21T12:10:38.924+08:00 DEBUG 36212 --- [service-order] [http-nio-8083-exec-1] com.jwy.scd.api.SysUserApi               : [SysUserApi#getUserById] ---> GET http://service-system/api/sys-user/2 HTTP/1.1
2026-09-21T12:10:38.926+08:00  INFO 36212 --- [service-order] [http-nio-8083-exec-2] c.jwy.scd.service.impl.OrderServiceImpl  : 下单成功：orderNo=SO20260921514018, userId=2, 明细 1 条, 总金额 129.00
2026-09-21T12:10:38.928+08:00 DEBUG 36212 --- [service-order] [http-nio-8083-exec-1] com.jwy.scd.api.SysUserApi               : [SysUserApi#getUserById] <--- HTTP/1.1 200 (4ms)
2026-09-21T12:10:38.928+08:00  INFO 36212 --- [service-order] [http-nio-8083-exec-1] c.jwy.scd.service.impl.OrderServiceImpl  : Feign 调用成功：userId=2, username=zhangsan, nickname=张三
2026-09-21T12:10:38.943+08:00 DEBUG 36212 --- [service-order] [http-nio-8083-exec-6] com.jwy.scd.api.SysUserApi               : [SysUserApi#getUserById] ---> GET http://service-system/api/sys-user/2 HTTP/1.1
2026-09-21T12:10:38.943+08:00  INFO 36212 --- [service-order] [http-nio-8083-exec-3] c.jwy.scd.service.impl.OrderServiceImpl  : 下单成功：orderNo=SO20260921514019, userId=2, 明细 1 条, 总金额 129.00
2026-09-21T12:10:38.947+08:00 DEBUG 36212 --- [service-order] [http-nio-8083-exec-6] com.jwy.scd.api.SysUserApi               : [SysUserApi#getUserById] <--- HTTP/1.1 200 (4ms)
2026-09-21T12:10:38.947+08:00  INFO 36212 --- [service-order] [http-nio-8083-exec-6] c.jwy.scd.service.impl.OrderServiceImpl  : Feign 调用成功：userId=2, username=zhangsan, nickname=张三
2026-09-21T12:10:38.954+08:00 DEBUG 36212 --- [service-order] [http-nio-8083-exec-5] com.jwy.scd.api.SysUserApi               : [SysUserApi#getUserById] ---> GET http://service-system/api/sys-user/2 HTTP/1.1
2026-09-21T12:10:38.962+08:00  INFO 36212 --- [service-order] [http-nio-8083-exec-8] c.jwy.scd.service.impl.OrderServiceImpl  : 下单成功：orderNo=SO20260921514020, userId=2, 明细 1 条, 总金额 129.00
2026-09-21T12:10:38.963+08:00 DEBUG 36212 --- [service-order] [http-nio-8083-exec-5] com.jwy.scd.api.SysUserApi               : [SysUserApi#getUserById] <--- HTTP/1.1 200 (8ms)
2026-09-21T12:10:38.963+08:00  INFO 36212 --- [service-order] [http-nio-8083-exec-5] c.jwy.scd.service.impl.OrderServiceImpl  : Feign 调用成功：userId=2, username=zhangsan, nickname=张三
2026-09-21T12:10:38.972+08:00 DEBUG 36212 --- [service-order] [http-nio-8083-exec-9] com.jwy.scd.api.SysUserApi               : [SysUserApi#getUserById] ---> GET http://service-system/api/sys-user/2 HTTP/1.1
2026-09-21T12:10:38.977+08:00  INFO 36212 --- [service-order] [http-nio-8083-exec-4] c.jwy.scd.service.impl.OrderServiceImpl  : 下单成功：orderNo=SO20260921514021, userId=2, 明细 1 条, 总金额 129.00
2026-09-21T12:10:38.977+08:00 DEBUG 36212 --- [service-order] [http-nio-8083-exec-9] com.jwy.scd.api.SysUserApi               : [SysUserApi#getUserById] <--- HTTP/1.1 200 (4ms)
2026-09-21T12:10:38.978+08:00  INFO 36212 --- [service-order] [http-nio-8083-exec-9] c.jwy.scd.service.impl.OrderServiceImpl  : Feign 调用成功：userId=2, username=zhangsan, nickname=张三
2026-09-21T12:10:38.987+08:00  INFO 36212 --- [service-order] [http-nio-8083-exec-1] c.jwy.scd.service.impl.OrderServiceImpl  : 下单成功：orderNo=SO20260921514022, userId=2, 明细 1 条, 总金额 129.00
2026-09-21T12:10:39.001+08:00  INFO 36212 --- [service-order] [nacos-grpc-client-executor-rxs-19] com.alibaba.nacos.common.remote.client   : [62db076c-85a4-4d59-a471-aa7e70e54f9d] Receive server push request, request = NotifySubscriberRequest, requestId = 97
2026-09-21T12:10:39.001+08:00  INFO 36212 --- [service-order] [nacos-grpc-client-executor-rxs-19] com.alibaba.nacos.common.remote.client   : [62db076c-85a4-4d59-a471-aa7e70e54f9d] Ack server push request, request = NotifySubscriberRequest, requestId = 97
2026-09-21T12:10:39.002+08:00  INFO 36212 --- [service-order] [http-nio-8083-exec-6] c.jwy.scd.service.impl.OrderServiceImpl  : 下单成功：orderNo=SO20260921514023, userId=2, 明细 1 条, 总金额 129.00
2026-09-21T12:10:39.019+08:00  INFO 36212 --- [service-order] [http-nio-8083-exec-5] c.jwy.scd.service.impl.OrderServiceImpl  : 下单成功：orderNo=SO20260921514024, userId=2, 明细 1 条, 总金额 129.00
2026-09-21T12:10:39.034+08:00  INFO 36212 --- [service-order] [http-nio-8083-exec-9] c.jwy.scd.service.impl.OrderServiceImpl  : 下单成功：orderNo=SO20260921514025, userId=2, 明细 1 条, 总金额 129.00
2026-09-21T12:10:43.110+08:00  INFO 36212 --- [service-order] [nacos-grpc-client-executor-rxs-20] com.alibaba.nacos.common.remote.client   : [62db076c-85a4-4d59-a471-aa7e70e54f9d] Receive server push request, request = NotifySubscriberRequest, requestId = 98
2026-09-21T12:10:43.111+08:00  INFO 36212 --- [service-order] [nacos-grpc-client-executor-rxs-20] com.alibaba.nacos.client.naming          : removed ips(1) service: DEFAULT_GROUP@@service-id-gen -> [{"instanceId":"192.168.1.129#8084##DEFAULT_GROUP@@service-id-gen","ip":"192.168.1.129","port":8084,"weight":1.0,"healthy":true,"enabled":true,"ephemeral":true,"clusterName":"DEFAULT","serviceName":"DEFAULT_GROUP@@service-id-gen","metadata":{"preserved.register.source":"SPRING_CLOUD"},"instanceHeartBeatTimeOut":15000,"instanceHeartBeatInterval":5000,"ipDeleteTimeout":30000}]
2026-09-21T12:10:43.111+08:00  INFO 36212 --- [service-order] [nacos-grpc-client-executor-rxs-20] com.alibaba.nacos.client.naming          : current ips:(1) service: DEFAULT_GROUP@@service-id-gen -> [{"instanceId":"192.168.1.129#8085##DEFAULT_GROUP@@service-id-gen","ip":"192.168.1.129","port":8085,"weight":1.0,"healthy":true,"enabled":true,"ephemeral":true,"clusterName":"DEFAULT","serviceName":"DEFAULT_GROUP@@service-id-gen","metadata":{"preserved.register.source":"SPRING_CLOUD"},"instanceHeartBeatTimeOut":15000,"instanceHeartBeatInterval":5000,"ipDeleteTimeout":30000}]
2026-09-21T12:10:43.117+08:00  INFO 36212 --- [service-order] [nacos-grpc-client-executor-rxs-20] com.alibaba.nacos.common.remote.client   : [62db076c-85a4-4d59-a471-aa7e70e54f9d] Ack server push request, request = NotifySubscriberRequest, requestId = 98
2026-09-21T12:10:45.114+08:00  INFO 36212 --- [service-order] [nacos-grpc-client-executor-rxs-21] com.alibaba.nacos.common.remote.client   : [62db076c-85a4-4d59-a471-aa7e70e54f9d] Receive server push request, request = NotifySubscriberRequest, requestId = 99
2026-09-21T12:10:45.115+08:00  INFO 36212 --- [service-order] [nacos-grpc-client-executor-rxs-21] com.alibaba.nacos.client.naming          : removed ips(1) service: DEFAULT_GROUP@@service-id-gen -> [{"instanceId":"192.168.1.129#8085##DEFAULT_GROUP@@service-id-gen","ip":"192.168.1.129","port":8085,"weight":1.0,"healthy":true,"enabled":true,"ephemeral":true,"clusterName":"DEFAULT","serviceName":"DEFAULT_GROUP@@service-id-gen","metadata":{"preserved.register.source":"SPRING_CLOUD"},"instanceHeartBeatTimeOut":15000,"instanceHeartBeatInterval":5000,"ipDeleteTimeout":30000}]
2026-09-21T12:10:45.115+08:00  INFO 36212 --- [service-order] [nacos-grpc-client-executor-rxs-21] com.alibaba.nacos.client.naming          : current ips:(0) service: DEFAULT_GROUP@@service-id-gen -> []
2026-09-21T12:10:45.121+08:00  INFO 36212 --- [service-order] [nacos-grpc-client-executor-rxs-21] com.alibaba.nacos.common.remote.client   : [62db076c-85a4-4d59-a471-aa7e70e54f9d] Ack server push request, request = NotifySubscriberRequest, requestId = 99
2026-09-21T12:10:53.210+08:00 DEBUG 36212 --- [service-order] [http-nio-8083-exec-10] com.jwy.scd.api.SysUserApi               : [SysUserApi#getUserById] ---> GET http://service-system/api/sys-user/2 HTTP/1.1
2026-09-21T12:10:53.216+08:00 DEBUG 36212 --- [service-order] [http-nio-8083-exec-10] com.jwy.scd.api.SysUserApi               : [SysUserApi#getUserById] <--- HTTP/1.1 200 (5ms)
2026-09-21T12:10:53.216+08:00  INFO 36212 --- [service-order] [http-nio-8083-exec-10] c.jwy.scd.service.impl.OrderServiceImpl  : Feign 调用成功：userId=2, username=zhangsan, nickname=张三
2026-09-21T12:10:53.235+08:00  INFO 36212 --- [service-order] [http-nio-8083-exec-10] c.jwy.scd.service.impl.OrderServiceImpl  : 下单成功：orderNo=SO20260921514026, userId=2, 明细 1 条, 总金额 129.00
2026-09-21T12:10:53.269+08:00 DEBUG 36212 --- [service-order] [http-nio-8083-exec-7] com.jwy.scd.api.SysUserApi               : [SysUserApi#getUserById] ---> GET http://service-system/api/sys-user/2 HTTP/1.1
2026-09-21T12:10:53.273+08:00 DEBUG 36212 --- [service-order] [http-nio-8083-exec-7] com.jwy.scd.api.SysUserApi               : [SysUserApi#getUserById] <--- HTTP/1.1 200 (4ms)
2026-09-21T12:10:53.274+08:00  INFO 36212 --- [service-order] [http-nio-8083-exec-7] c.jwy.scd.service.impl.OrderServiceImpl  : Feign 调用成功：userId=2, username=zhangsan, nickname=张三
2026-09-21T12:10:53.285+08:00  INFO 36212 --- [service-order] [http-nio-8083-exec-7] c.jwy.scd.service.impl.OrderServiceImpl  : 下单成功：orderNo=SO20260921514027, userId=2, 明细 1 条, 总金额 129.00
2026-09-21T12:10:53.306+08:00 DEBUG 36212 --- [service-order] [http-nio-8083-exec-2] com.jwy.scd.api.SysUserApi               : [SysUserApi#getUserById] ---> GET http://service-system/api/sys-user/2 HTTP/1.1
2026-09-21T12:10:53.311+08:00 DEBUG 36212 --- [service-order] [http-nio-8083-exec-2] com.jwy.scd.api.SysUserApi               : [SysUserApi#getUserById] <--- HTTP/1.1 200 (4ms)
2026-09-21T12:10:53.311+08:00  INFO 36212 --- [service-order] [http-nio-8083-exec-2] c.jwy.scd.service.impl.OrderServiceImpl  : Feign 调用成功：userId=2, username=zhangsan, nickname=张三
2026-09-21T12:10:53.321+08:00  INFO 36212 --- [service-order] [http-nio-8083-exec-2] c.jwy.scd.service.impl.OrderServiceImpl  : 下单成功：orderNo=SO20260921514028, userId=2, 明细 1 条, 总金额 129.00


===== start service-order @ 2026-09-21 12:10:56 =====2026-09-21T12:10:59.234+08:00  INFO 18768 --- [service-order] [main] com.jwy.scd.ServiceOrderApplication      : Starting ServiceOrderApplication v0.0.1-SNAPSHOT using Java 21.0.12.1 with PID 18768 (E:\Data\projects\springcloud-demo\service-order\target\service-order-0.0.1-SNAPSHOT.jar started by jiang in c:\windows\system32\driverstore\filerepository\ntprint.inf_amd64_7ec90cac1a11fca1\amd64)
2026-09-21T12:10:59.236+08:00  INFO 18768 --- [service-order] [main] com.jwy.scd.ServiceOrderApplication      : No active profile set, falling back to 1 default profile: "default"
2026-09-21T12:10:59.299+08:00  INFO 18768 --- [service-order] [main] c.a.c.n.c.NacosConfigDataLoader          : [Nacos Config] Load config[dataId=service-order.yaml, group=DEFAULT_GROUP] success
2026-09-21T12:11:00.291+08:00  INFO 18768 --- [service-order] [main] o.s.cloud.context.scope.GenericScope     : BeanFactory id=cd2badf3-365b-3b7c-bed1-f6baede46176
2026-09-21T12:11:00.845+08:00  INFO 18768 --- [service-order] [main] o.s.boot.tomcat.TomcatWebServer          : Tomcat initialized with port 8083 (http)
2026-09-21T12:11:00.859+08:00  INFO 18768 --- [service-order] [main] o.apache.catalina.core.StandardService   : Starting service [Tomcat]
2026-09-21T12:11:00.859+08:00  INFO 18768 --- [service-order] [main] o.apache.catalina.core.StandardEngine    : Starting Servlet engine: [Apache Tomcat/11.0.24]
2026-09-21T12:11:00.887+08:00  INFO 18768 --- [service-order] [main] b.w.c.s.WebApplicationContextInitializer : Root WebApplicationContext: initialization completed in 1586 ms
2026-09-21T12:11:01.186+08:00  INFO 18768 --- [service-order] [main] o.s.c.openfeign.FeignClientFactoryBean   : For 'service-system' URL not provided. Will try picking an instance via load-balancing.
2026-09-21T12:11:01.532+08:00  INFO 18768 --- [service-order] [main] o.s.c.openfeign.FeignClientFactoryBean   : For 'service-id-gen' URL not provided. Will try picking an instance via load-balancing.
2026-09-21T12:11:01.539+08:00  INFO 18768 --- [service-order] [main] com.jwy.scd.support.SegmentIdGenerator   : [id-gen-client] 号段发号器已装配：bizTag=order
2026-09-21T12:11:01.652+08:00  INFO 18768 --- [service-order] [main] c.a.c.sentinel.SentinelWebMvcConfigurer  : [Sentinel Starter] register SentinelWebInterceptor with urlPatterns: [/**].
2026-09-21T12:11:01.950+08:00  INFO 18768 --- [service-order] [main] m.e.s.MybatisPlusApplicationContextAware : Register ApplicationContext instances org.springframework.boot.web.server.servlet.context.AnnotationConfigServletWebServerApplicationContext@2f860823
2026-09-21T12:11:02.120+08:00  WARN 18768 --- [service-order] [main] iguration$LoadBalancerCaffeineWarnLogger : Spring Cloud LoadBalancer is currently working with the default cache. While this cache implementation is useful for development and tests, it's recommended to use Caffeine cache in production.You can switch to using Caffeine cache, by adding it and org.springframework.cache.caffeine.CaffeineCacheManager to the classpath.
2026-09-21T12:11:02.217+08:00  INFO 18768 --- [service-order] [main] o.s.boot.tomcat.TomcatWebServer          : Tomcat started on port 8083 (http) with context path '/'
2026-09-21T12:11:02.223+08:00  INFO 18768 --- [service-order] [main] com.alibaba.nacos.client.naming          : Nacos client key init properties: 
	serverAddr=rxs:8848
	username=nacos
	password=1****6

2026-09-21T12:11:02.223+08:00  INFO 18768 --- [service-order] [main] com.alibaba.nacos.client.naming          : initializer namespace from ans.namespace attribute : null
2026-09-21T12:11:02.224+08:00  INFO 18768 --- [service-order] [main] com.alibaba.nacos.client.naming          : initializer namespace from ALIBABA_ALIWARE_NAMESPACE attribute :null
2026-09-21T12:11:02.224+08:00  INFO 18768 --- [service-order] [main] com.alibaba.nacos.client.naming          : initializer namespace from namespace attribute :null
2026-09-21T12:11:02.230+08:00  INFO 18768 --- [service-order] [main] com.alibaba.nacos.client.naming          : FailoverDataSource type is class com.alibaba.nacos.client.naming.backups.datasource.DiskFailoverDataSource
2026-09-21T12:11:02.235+08:00  INFO 18768 --- [service-order] [main] c.a.n.c.a.AbstractServerListManager      : Load and match ServerListProvider com.alibaba.nacos.client.address.EndpointServerListProvider, match result: false
2026-09-21T12:11:02.235+08:00  INFO 18768 --- [service-order] [main] c.a.n.c.a.AbstractServerListManager      : Load and match ServerListProvider com.alibaba.nacos.client.address.PropertiesListProvider, match result: true
2026-09-21T12:11:02.235+08:00  INFO 18768 --- [service-order] [main] c.a.n.c.a.AbstractServerListManager      : Will use com.alibaba.nacos.client.address.PropertiesListProvider as ServerListProvider
2026-09-21T12:11:02.237+08:00  INFO 18768 --- [service-order] [main] c.a.n.p.a.s.c.ClientAuthPluginManager    : [ClientAuthPluginManager] Load ClientAuthService com.alibaba.nacos.client.auth.impl.NacosClientAuthServiceImpl success.
2026-09-21T12:11:02.237+08:00  INFO 18768 --- [service-order] [main] c.a.n.p.a.s.c.ClientAuthPluginManager    : [ClientAuthPluginManager] Load ClientAuthService com.alibaba.nacos.client.auth.ram.RamClientAuthServiceImpl success.
2026-09-21T12:11:02.341+08:00  INFO 18768 --- [service-order] [main] com.alibaba.nacos.common.remote.client   : [RpcClientFactory] create a new rpc client of afb5761d-fb57-4ae7-a19e-22729a49a28f
2026-09-21T12:11:02.343+08:00  INFO 18768 --- [service-order] [main] com.alibaba.nacos.client.naming          : Create naming rpc client for uuid->afb5761d-fb57-4ae7-a19e-22729a49a28f
2026-09-21T12:11:02.343+08:00  INFO 18768 --- [service-order] [main] com.alibaba.nacos.common.remote.client   : [afb5761d-fb57-4ae7-a19e-22729a49a28f] RpcClient init, ServerListFactory = com.alibaba.nacos.client.naming.core.NamingServerListManager
2026-09-21T12:11:02.350+08:00  INFO 18768 --- [service-order] [main] com.alibaba.nacos.common.remote.client   : [afb5761d-fb57-4ae7-a19e-22729a49a28f] Registry connection listener to current client:com.alibaba.nacos.client.naming.remote.gprc.redo.NamingGrpcRedoService
2026-09-21T12:11:02.350+08:00  INFO 18768 --- [service-order] [main] com.alibaba.nacos.common.remote.client   : [afb5761d-fb57-4ae7-a19e-22729a49a28f] Register server push request handler:com.alibaba.nacos.client.naming.remote.gprc.NamingPushRequestHandler
2026-09-21T12:11:02.351+08:00  INFO 18768 --- [service-order] [main] com.alibaba.nacos.common.remote.client   : [afb5761d-fb57-4ae7-a19e-22729a49a28f] Register server push request handler:com.alibaba.nacos.client.naming.remote.gprc.NamingFuzzyWatchNotifyRequestHandler
2026-09-21T12:11:02.352+08:00  INFO 18768 --- [service-order] [main] com.alibaba.nacos.common.remote.client   : [afb5761d-fb57-4ae7-a19e-22729a49a28f] Try to connect to server on start up, server: {serverIp = 'rxs', server main port = 8848}
2026-09-21T12:11:02.352+08:00  INFO 18768 --- [service-order] [main] c.a.n.c.remote.client.grpc.GrpcClient    : grpc client connection server: rxs ip, serverPort: 9848, grpcTslConfig: {"enableTls":false,"mutualAuthEnable":false,"trustAll":true}
2026-09-21T12:11:02.367+08:00  INFO 18768 --- [service-order] [main] com.alibaba.nacos.common.remote.client   : [afb5761d-fb57-4ae7-a19e-22729a49a28f] Success to connect to server [rxs:8848] on start up, connectionId = 1789963861752_172.17.0.1_48412
2026-09-21T12:11:02.367+08:00  INFO 18768 --- [service-order] [main] com.alibaba.nacos.common.remote.client   : [afb5761d-fb57-4ae7-a19e-22729a49a28f] Register server push request handler:com.alibaba.nacos.common.remote.client.RpcClient$ConnectResetRequestHandler
2026-09-21T12:11:02.367+08:00  INFO 18768 --- [service-order] [com.alibaba.nacos.client.remote.worker.0] com.alibaba.nacos.common.remote.client   : [afb5761d-fb57-4ae7-a19e-22729a49a28f] Notify connected event to listeners.
2026-09-21T12:11:02.367+08:00  INFO 18768 --- [service-order] [main] com.alibaba.nacos.common.remote.client   : [afb5761d-fb57-4ae7-a19e-22729a49a28f] Register server push request handler:com.alibaba.nacos.common.remote.client.RpcClient$$Lambda/0x0000022f64438e70
2026-09-21T12:11:02.367+08:00  INFO 18768 --- [service-order] [com.alibaba.nacos.client.remote.worker.0] com.alibaba.nacos.client.naming          : Grpc connection connect
2026-09-21T12:11:02.369+08:00  INFO 18768 --- [service-order] [main] com.alibaba.nacos.client.naming          : [REGISTER-SERVICE] public registering service service-order with instance Instance{instanceId='null', ip='192.168.1.129', port=8083, weight=1.0, healthy=true, enabled=true, ephemeral=true, clusterName='', serviceName='null', metadata={IPv6=null, preserved.register.source=SPRING_CLOUD}}
2026-09-21T12:11:02.383+08:00  INFO 18768 --- [service-order] [main] c.a.c.n.registry.NacosServiceRegistry    : nacos registry, DEFAULT_GROUP service-order 192.168.1.129:8083 register finished
2026-09-21T12:11:02.393+08:00  INFO 18768 --- [service-order] [main] com.jwy.scd.ServiceOrderApplication      : Started ServiceOrderApplication in 4.837 seconds (process running for 5.404)
2026-09-21T12:11:02.463+08:00  INFO 18768 --- [service-order] [main] com.alibaba.nacos.client.naming          : [SUBSCRIBE-SERVICE] service:service-id-gen, group:DEFAULT_GROUP, clusters: 
2026-09-21T12:11:02.463+08:00  INFO 18768 --- [service-order] [main] com.alibaba.nacos.client.naming          : [GRPC-SUBSCRIBE] service:service-id-gen, group:DEFAULT_GROUP, cluster: 
2026-09-21T12:11:02.475+08:00  INFO 18768 --- [service-order] [main] com.alibaba.nacos.client.naming          : init new ips(0) service: DEFAULT_GROUP@@service-id-gen -> []
2026-09-21T12:11:02.491+08:00  WARN 18768 --- [service-order] [main] o.s.c.l.core.RoundRobinLoadBalancer      : No servers available for service: service-id-gen
2026-09-21T12:11:02.495+08:00  WARN 18768 --- [service-order] [main] .s.c.o.l.FeignBlockingLoadBalancerClient : Load balancer does not contain an instance for the service service-id-gen
2026-09-21T12:11:02.500+08:00  WARN 18768 --- [service-order] [main] com.jwy.scd.support.SegmentIdGenerator   : [id-gen-client] 号段预热失败（服务照常启动，首次发号时会重试）：bizTag=order

com.jwy.scd.api.idgen.support.SegmentUnavailableException: 向发号服务领取号段失败：bizTag=order
	at com.jwy.scd.support.SegmentIdGenerator.initBuffer(SegmentIdGenerator.java:141) ~[!/:0.0.1-SNAPSHOT]
	at com.jwy.scd.support.SegmentIdGenerator.warmUp(SegmentIdGenerator.java:111) ~[!/:0.0.1-SNAPSHOT]
	at com.jwy.scd.support.IdGenWarmUpRunner.run(IdGenWarmUpRunner.java:41) ~[!/:0.0.1-SNAPSHOT]
	at org.springframework.boot.SpringApplication.lambda$callRunner$0(SpringApplication.java:788) ~[spring-boot-4.0.8.jar!/:4.0.8]
	at org.springframework.util.function.ThrowingConsumer$1.acceptWithException(ThrowingConsumer.java:82) ~[spring-core-7.0.9.jar!/:7.0.9]
	at org.springframework.util.function.ThrowingConsumer.accept(ThrowingConsumer.java:60) ~[spring-core-7.0.9.jar!/:7.0.9]
	at org.springframework.util.function.ThrowingConsumer$1.accept(ThrowingConsumer.java:86) ~[spring-core-7.0.9.jar!/:7.0.9]
	at org.springframework.boot.SpringApplication.callRunner(SpringApplication.java:800) ~[spring-boot-4.0.8.jar!/:4.0.8]
	at org.springframework.boot.SpringApplication.callRunner(SpringApplication.java:788) ~[spring-boot-4.0.8.jar!/:4.0.8]
	at org.springframework.boot.SpringApplication.lambda$callRunners$0(SpringApplication.java:776) ~[spring-boot-4.0.8.jar!/:4.0.8]
	at java.base/java.util.stream.ForEachOps$ForEachOp$OfRef.accept(ForEachOps.java:184) ~[na:na]
	at java.base/java.util.stream.SortedOps$SizedRefSortingSink.end(SortedOps.java:357) ~[na:na]
	at java.base/java.util.stream.AbstractPipeline.copyInto(AbstractPipeline.java:510) ~[na:na]
	at java.base/java.util.stream.AbstractPipeline.wrapAndCopyInto(AbstractPipeline.java:499) ~[na:na]
	at java.base/java.util.stream.ForEachOps$ForEachOp.evaluateSequential(ForEachOps.java:151) ~[na:na]
	at java.base/java.util.stream.ForEachOps$ForEachOp$OfRef.evaluateSequential(ForEachOps.java:174) ~[na:na]
	at java.base/java.util.stream.AbstractPipeline.evaluate(AbstractPipeline.java:234) ~[na:na]
	at java.base/java.util.stream.ReferencePipeline.forEach(ReferencePipeline.java:596) ~[na:na]
	at org.springframework.boot.SpringApplication.callRunners(SpringApplication.java:776) ~[spring-boot-4.0.8.jar!/:4.0.8]
	at org.springframework.boot.SpringApplication.run(SpringApplication.java:328) ~[spring-boot-4.0.8.jar!/:4.0.8]
	at org.springframework.boot.SpringApplication.run(SpringApplication.java:1365) ~[spring-boot-4.0.8.jar!/:4.0.8]
	at org.springframework.boot.SpringApplication.run(SpringApplication.java:1354) ~[spring-boot-4.0.8.jar!/:4.0.8]
	at com.jwy.scd.ServiceOrderApplication.main(ServiceOrderApplication.java:55) ~[!/:0.0.1-SNAPSHOT]
	at java.base/jdk.internal.reflect.DirectMethodHandleAccessor.invoke(DirectMethodHandleAccessor.java:103) ~[na:na]
	at java.base/java.lang.reflect.Method.invoke(Method.java:580) ~[na:na]
	at org.springframework.boot.loader.launch.Launcher.launch(Launcher.java:106) ~[service-order-0.0.1-SNAPSHOT.jar:0.0.1-SNAPSHOT]
	at org.springframework.boot.loader.launch.Launcher.launch(Launcher.java:64) ~[service-order-0.0.1-SNAPSHOT.jar:0.0.1-SNAPSHOT]
	at org.springframework.boot.loader.launch.JarLauncher.main(JarLauncher.java:40) ~[service-order-0.0.1-SNAPSHOT.jar:0.0.1-SNAPSHOT]
Caused by: feign.FeignException$ServiceUnavailable: [503] during [GET] to [http://service-id-gen/api/id/segment?bizTag=order] [IdGenApi#getSegment(String)]: [Load balancer does not contain an instance for the service service-id-gen]
	at feign.FeignException.serverErrorStatus(FeignException.java:287) ~[feign-core-13.6.jar!/:na]
	at feign.FeignException.errorStatus(FeignException.java:226) ~[feign-core-13.6.jar!/:na]
	at feign.FeignException.errorStatus(FeignException.java:213) ~[feign-core-13.6.jar!/:na]
	at feign.codec.ErrorDecoder$Default.decode(ErrorDecoder.java:103) ~[feign-core-13.6.jar!/:na]
	at feign.InvocationContext.decodeError(InvocationContext.java:133) ~[feign-core-13.6.jar!/:na]
	at feign.InvocationContext.proceed(InvocationContext.java:80) ~[feign-core-13.6.jar!/:na]
	at feign.ResponseHandler.handleResponse(ResponseHandler.java:69) ~[feign-core-13.6.jar!/:na]
	at feign.SynchronousMethodHandler.executeAndDecode(SynchronousMethodHandler.java:109) ~[feign-core-13.6.jar!/:na]
	at feign.SynchronousMethodHandler.invoke(SynchronousMethodHandler.java:53) ~[feign-core-13.6.jar!/:na]
	at feign.ReflectiveFeign$FeignInvocationHandler.invoke(ReflectiveFeign.java:104) ~[feign-core-13.6.jar!/:na]
	at jdk.proxy2/jdk.proxy2.$Proxy126.getSegment(Unknown Source) ~[na:na]
	at com.jwy.scd.support.SegmentIdGenerator.fetchSegment(SegmentIdGenerator.java:157) ~[!/:0.0.1-SNAPSHOT]
	at com.jwy.scd.support.SegmentIdGenerator.initBuffer(SegmentIdGenerator.java:135) ~[!/:0.0.1-SNAPSHOT]
	... 27 common frames omitted

2026-09-21T12:11:02.505+08:00  INFO 18768 --- [service-order] [main] com.jwy.scd.support.IdGenWarmUpRunner    : [id-gen-client] 启动预热结束（bizTag=order），耗时 108 ms；本地缓冲=未初始化（尚未领到号段）
2026-09-21T12:11:02.506+08:00  WARN 18768 --- [service-order] [main] o.s.core.events.SpringDocAppInitializer  : SpringDoc /v3/api-docs endpoint is enabled by default. To disable it in production, set the property 'springdoc.api-docs.enabled=false'
2026-09-21T12:11:02.507+08:00  WARN 18768 --- [service-order] [main] o.s.core.events.SpringDocAppInitializer  : SpringDoc /swagger-ui.html endpoint is enabled by default. To disable it in production, set the property 'springdoc.swagger-ui.enabled=false'
2026-09-21T12:11:02.509+08:00  INFO 18768 --- [service-order] [main] c.a.nacos.client.config.impl.CacheData   : config listener notify warn timeout millis use default 60000 millis 
2026-09-21T12:11:02.510+08:00  INFO 18768 --- [service-order] [main] c.a.nacos.client.config.impl.CacheData   : nacos.cache.data.init.snapshot = true 
2026-09-21T12:11:02.512+08:00  INFO 18768 --- [service-order] [main] c.a.n.client.config.impl.ClientWorker    : [Config-fixed-public-rxs_8848] [subscribe] service-order.yaml+DEFAULT_GROUP+public
2026-09-21T12:11:02.513+08:00  INFO 18768 --- [service-order] [main] c.a.nacos.client.config.impl.CacheData   : [Config-fixed-public-rxs_8848] [add-listener] ok, tenant=public, dataId=service-order.yaml, group=DEFAULT_GROUP, cnt=1
2026-09-21T12:11:02.513+08:00  INFO 18768 --- [service-order] [main] c.a.c.n.refresh.NacosContextRefresher    : [Nacos Config] Listening config: dataId=service-order.yaml, group=DEFAULT_GROUP
2026-09-21T12:11:03.063+08:00  INFO 18768 --- [service-order] [nacos-grpc-client-executor-rxs-16] com.alibaba.nacos.common.remote.client   : [afb5761d-fb57-4ae7-a19e-22729a49a28f] Receive server push request, request = NotifySubscriberRequest, requestId = 102
2026-09-21T12:11:03.064+08:00  INFO 18768 --- [service-order] [nacos-grpc-client-executor-rxs-16] com.alibaba.nacos.common.remote.client   : [afb5761d-fb57-4ae7-a19e-22729a49a28f] Ack server push request, request = NotifySubscriberRequest, requestId = 102
2026-09-21T12:11:03.358+08:00  INFO 18768 --- [service-order] [http-nio-8083-exec-2] o.a.c.c.C.[Tomcat].[localhost].[/]       : Initializing Spring DispatcherServlet 'dispatcherServlet'
2026-09-21T12:11:03.358+08:00  INFO 18768 --- [service-order] [http-nio-8083-exec-2] o.s.web.servlet.DispatcherServlet        : Initializing Servlet 'dispatcherServlet'
2026-09-21T12:11:03.359+08:00  INFO 18768 --- [service-order] [http-nio-8083-exec-2] o.s.web.servlet.DispatcherServlet        : Completed initialization in 1 ms
2026-09-21T12:11:03.499+08:00  INFO 18768 --- [service-order] [http-nio-8083-exec-2] com.zaxxer.hikari.HikariDataSource       : HikariPool-1 - Starting...
2026-09-21T12:11:03.696+08:00  INFO 18768 --- [service-order] [http-nio-8083-exec-2] com.zaxxer.hikari.pool.HikariPool        : HikariPool-1 - Added connection com.mysql.cj.jdbc.ConnectionImpl@3c6f9ffe
2026-09-21T12:11:03.698+08:00  INFO 18768 --- [service-order] [http-nio-8083-exec-2] com.zaxxer.hikari.HikariDataSource       : HikariPool-1 - Start completed.
2026-09-21T12:11:03.711+08:00 DEBUG 18768 --- [service-order] [http-nio-8083-exec-2] com.jwy.scd.api.SysUserApi               : [SysUserApi#getUserById] ---> GET http://service-system/api/sys-user/2 HTTP/1.1
2026-09-21T12:11:03.727+08:00  INFO 18768 --- [service-order] [http-nio-8083-exec-2] com.alibaba.nacos.client.naming          : [SUBSCRIBE-SERVICE] service:service-system, group:DEFAULT_GROUP, clusters: 
2026-09-21T12:11:03.727+08:00  INFO 18768 --- [service-order] [http-nio-8083-exec-2] com.alibaba.nacos.client.naming          : [GRPC-SUBSCRIBE] service:service-system, group:DEFAULT_GROUP, cluster: 
2026-09-21T12:11:03.739+08:00  INFO 18768 --- [service-order] [http-nio-8083-exec-2] com.alibaba.nacos.client.naming          : init new ips(1) service: DEFAULT_GROUP@@service-system -> [{"instanceId":"192.168.1.129#8081##DEFAULT_GROUP@@service-system","ip":"192.168.1.129","port":8081,"weight":1.0,"healthy":true,"enabled":true,"ephemeral":true,"clusterName":"DEFAULT","serviceName":"DEFAULT_GROUP@@service-system","metadata":{"preserved.register.source":"SPRING_CLOUD"},"ipDeleteTimeout":30000,"instanceHeartBeatInterval":5000,"instanceHeartBeatTimeOut":15000}]
2026-09-21T12:11:03.740+08:00  INFO 18768 --- [service-order] [http-nio-8083-exec-2] com.alibaba.nacos.client.naming          : current ips:(1) service: DEFAULT_GROUP@@service-system -> [{"instanceId":"192.168.1.129#8081##DEFAULT_GROUP@@service-system","ip":"192.168.1.129","port":8081,"weight":1.0,"healthy":true,"enabled":true,"ephemeral":true,"clusterName":"DEFAULT","serviceName":"DEFAULT_GROUP@@service-system","metadata":{"preserved.register.source":"SPRING_CLOUD"},"ipDeleteTimeout":30000,"instanceHeartBeatInterval":5000,"instanceHeartBeatTimeOut":15000}]
2026-09-21T12:11:03.767+08:00 DEBUG 18768 --- [service-order] [http-nio-8083-exec-2] com.jwy.scd.api.SysUserApi               : [SysUserApi#getUserById] <--- HTTP/1.1 200 (55ms)
2026-09-21T12:11:03.777+08:00  INFO 18768 --- [service-order] [http-nio-8083-exec-2] c.jwy.scd.service.impl.OrderServiceImpl  : Feign 调用成功：userId=2, username=zhangsan, nickname=张三
2026-09-21T12:11:03.847+08:00  WARN 18768 --- [service-order] [http-nio-8083-exec-2] o.s.c.l.core.RoundRobinLoadBalancer      : No servers available for service: service-id-gen
2026-09-21T12:11:03.847+08:00  WARN 18768 --- [service-order] [http-nio-8083-exec-2] .s.c.o.l.FeignBlockingLoadBalancerClient : Load balancer does not contain an instance for the service service-id-gen
2026-09-21T12:11:03.872+08:00 ERROR 18768 --- [service-order] [http-nio-8083-exec-2] c.j.s.exception.GlobalExceptionHandler   : 订单业务异常: 发号服务不可用，暂时无法受理下单：向发号服务领取号段失败：bizTag=order
2026-09-21T12:11:04.264+08:00  INFO 18768 --- [service-order] [nacos-grpc-client-executor-rxs-20] com.alibaba.nacos.common.remote.client   : [afb5761d-fb57-4ae7-a19e-22729a49a28f] Receive server push request, request = NotifySubscriberRequest, requestId = 103
2026-09-21T12:11:04.264+08:00  INFO 18768 --- [service-order] [nacos-grpc-client-executor-rxs-20] com.alibaba.nacos.common.remote.client   : [afb5761d-fb57-4ae7-a19e-22729a49a28f] Ack server push request, request = NotifySubscriberRequest, requestId = 103
2026-09-21T12:11:10.379+08:00  INFO 18768 --- [service-order] [nacos-grpc-client-executor-rxs-21] com.alibaba.nacos.common.remote.client   : [afb5761d-fb57-4ae7-a19e-22729a49a28f] Receive server push request, request = NotifySubscriberRequest, requestId = 104
2026-09-21T12:11:10.382+08:00  INFO 18768 --- [service-order] [nacos-grpc-client-executor-rxs-21] com.alibaba.nacos.client.naming          : new ips(1) service: DEFAULT_GROUP@@service-id-gen -> [{"instanceId":"192.168.1.129#8084##DEFAULT_GROUP@@service-id-gen","ip":"192.168.1.129","port":8084,"weight":1.0,"healthy":true,"enabled":true,"ephemeral":true,"clusterName":"DEFAULT","serviceName":"DEFAULT_GROUP@@service-id-gen","metadata":{"preserved.register.source":"SPRING_CLOUD"},"ipDeleteTimeout":30000,"instanceHeartBeatInterval":5000,"instanceHeartBeatTimeOut":15000}]
2026-09-21T12:11:10.382+08:00  INFO 18768 --- [service-order] [nacos-grpc-client-executor-rxs-21] com.alibaba.nacos.client.naming          : current ips:(1) service: DEFAULT_GROUP@@service-id-gen -> [{"instanceId":"192.168.1.129#8084##DEFAULT_GROUP@@service-id-gen","ip":"192.168.1.129","port":8084,"weight":1.0,"healthy":true,"enabled":true,"ephemeral":true,"clusterName":"DEFAULT","serviceName":"DEFAULT_GROUP@@service-id-gen","metadata":{"preserved.register.source":"SPRING_CLOUD"},"ipDeleteTimeout":30000,"instanceHeartBeatInterval":5000,"instanceHeartBeatTimeOut":15000}]
2026-09-21T12:11:10.390+08:00  INFO 18768 --- [service-order] [nacos-grpc-client-executor-rxs-21] com.alibaba.nacos.common.remote.client   : [afb5761d-fb57-4ae7-a19e-22729a49a28f] Ack server push request, request = NotifySubscriberRequest, requestId = 104
2026-09-21T12:11:12.087+08:00  INFO 18768 --- [service-order] [nacos-grpc-client-executor-rxs-22] com.alibaba.nacos.common.remote.client   : [afb5761d-fb57-4ae7-a19e-22729a49a28f] Receive server push request, request = NotifySubscriberRequest, requestId = 105
2026-09-21T12:11:12.087+08:00  INFO 18768 --- [service-order] [nacos-grpc-client-executor-rxs-22] com.alibaba.nacos.client.naming          : new ips(1) service: DEFAULT_GROUP@@service-id-gen -> [{"instanceId":"192.168.1.129#8085##DEFAULT_GROUP@@service-id-gen","ip":"192.168.1.129","port":8085,"weight":1.0,"healthy":true,"enabled":true,"ephemeral":true,"clusterName":"DEFAULT","serviceName":"DEFAULT_GROUP@@service-id-gen","metadata":{"preserved.register.source":"SPRING_CLOUD"},"ipDeleteTimeout":30000,"instanceHeartBeatInterval":5000,"instanceHeartBeatTimeOut":15000}]
2026-09-21T12:11:12.088+08:00  INFO 18768 --- [service-order] [nacos-grpc-client-executor-rxs-22] com.alibaba.nacos.client.naming          : current ips:(2) service: DEFAULT_GROUP@@service-id-gen -> [{"instanceId":"192.168.1.129#8084##DEFAULT_GROUP@@service-id-gen","ip":"192.168.1.129","port":8084,"weight":1.0,"healthy":true,"enabled":true,"ephemeral":true,"clusterName":"DEFAULT","serviceName":"DEFAULT_GROUP@@service-id-gen","metadata":{"preserved.register.source":"SPRING_CLOUD"},"ipDeleteTimeout":30000,"instanceHeartBeatInterval":5000,"instanceHeartBeatTimeOut":15000},{"instanceId":"192.168.1.129#8085##DEFAULT_GROUP@@service-id-gen","ip":"192.168.1.129","port":8085,"weight":1.0,"healthy":true,"enabled":true,"ephemeral":true,"clusterName":"DEFAULT","serviceName":"DEFAULT_GROUP@@service-id-gen","metadata":{"preserved.register.source":"SPRING_CLOUD"},"ipDeleteTimeout":30000,"instanceHeartBeatInterval":5000,"instanceHeartBeatTimeOut":15000}]
2026-09-21T12:11:12.094+08:00  INFO 18768 --- [service-order] [nacos-grpc-client-executor-rxs-22] com.alibaba.nacos.common.remote.client   : [afb5761d-fb57-4ae7-a19e-22729a49a28f] Ack server push request, request = NotifySubscriberRequest, requestId = 105
2026-09-21T12:11:13.673+08:00 DEBUG 18768 --- [service-order] [http-nio-8083-exec-3] com.jwy.scd.api.SysUserApi               : [SysUserApi#getUserById] ---> GET http://service-system/api/sys-user/2 HTTP/1.1
2026-09-21T12:11:13.682+08:00 DEBUG 18768 --- [service-order] [http-nio-8083-exec-3] com.jwy.scd.api.SysUserApi               : [SysUserApi#getUserById] <--- HTTP/1.1 200 (9ms)
2026-09-21T12:11:13.682+08:00  INFO 18768 --- [service-order] [http-nio-8083-exec-3] c.jwy.scd.service.impl.OrderServiceImpl  : Feign 调用成功：userId=2, username=zhangsan, nickname=张三
2026-09-21T12:11:13.800+08:00  INFO 18768 --- [service-order] [http-nio-8083-exec-3] com.jwy.scd.support.SegmentIdGenerator   : [id-gen-client] 初始化本地号段缓冲：bizTag=order, 首段=[1014001, 1114000] 剩余 100000/100000
2026-09-21T12:11:13.847+08:00  INFO 18768 --- [service-order] [http-nio-8083-exec-3] c.jwy.scd.service.impl.OrderServiceImpl  : 下单成功：orderNo=SO202609211014001, userId=2, 明细 1 条, 总金额 129.00


===== start service-order @ 2026-09-21 12:52:00 =====2026-09-21T12:52:04.053+08:00  INFO 1624 --- [service-order] [main] com.jwy.scd.ServiceOrderApplication      : Starting ServiceOrderApplication v0.0.1-SNAPSHOT using Java 21.0.12.1 with PID 1624 (E:\Data\projects\springcloud-demo\service-order\target\service-order-0.0.1-SNAPSHOT.jar started by jiang in c:\windows\system32\driverstore\filerepository\ntprint.inf_amd64_7ec90cac1a11fca1\amd64)
2026-09-21T12:52:04.055+08:00  INFO 1624 --- [service-order] [main] com.jwy.scd.ServiceOrderApplication      : No active profile set, falling back to 1 default profile: "default"
2026-09-21T12:52:04.167+08:00  INFO 1624 --- [service-order] [main] c.a.c.n.c.NacosConfigDataLoader          : [Nacos Config] Load config[dataId=service-order.yaml, group=DEFAULT_GROUP] success
2026-09-21T12:52:05.865+08:00  INFO 1624 --- [service-order] [main] o.s.cloud.context.scope.GenericScope     : BeanFactory id=cd2badf3-365b-3b7c-bed1-f6baede46176
2026-09-21T12:52:06.877+08:00  INFO 1624 --- [service-order] [main] o.s.boot.tomcat.TomcatWebServer          : Tomcat initialized with port 8083 (http)
2026-09-21T12:52:06.899+08:00  INFO 1624 --- [service-order] [main] o.apache.catalina.core.StandardService   : Starting service [Tomcat]
2026-09-21T12:52:06.900+08:00  INFO 1624 --- [service-order] [main] o.apache.catalina.core.StandardEngine    : Starting Servlet engine: [Apache Tomcat/11.0.24]
2026-09-21T12:52:06.942+08:00  INFO 1624 --- [service-order] [main] b.w.c.s.WebApplicationContextInitializer : Root WebApplicationContext: initialization completed in 2771 ms
2026-09-21T12:52:07.710+08:00  INFO 1624 --- [service-order] [main] o.s.c.openfeign.FeignClientFactoryBean   : For 'service-system' URL not provided. Will try picking an instance via load-balancing.
2026-09-21T12:52:08.605+08:00  INFO 1624 --- [service-order] [main] o.s.c.openfeign.FeignClientFactoryBean   : For 'service-id-gen' URL not provided. Will try picking an instance via load-balancing.
2026-09-21T12:52:08.617+08:00  INFO 1624 --- [service-order] [main] com.jwy.scd.support.SegmentIdGenerator   : [id-gen-client] 号段发号器已装配：bizTag=order
2026-09-21T12:52:08.869+08:00  INFO 1624 --- [service-order] [main] c.a.c.sentinel.SentinelWebMvcConfigurer  : [Sentinel Starter] register SentinelWebInterceptor with urlPatterns: [/**].
2026-09-21T12:52:09.625+08:00  INFO 1624 --- [service-order] [main] m.e.s.MybatisPlusApplicationContextAware : Register ApplicationContext instances org.springframework.boot.web.server.servlet.context.AnnotationConfigServletWebServerApplicationContext@6c1cfa53
2026-09-21T12:52:10.161+08:00  WARN 1624 --- [service-order] [main] iguration$LoadBalancerCaffeineWarnLogger : Spring Cloud LoadBalancer is currently working with the default cache. While this cache implementation is useful for development and tests, it's recommended to use Caffeine cache in production.You can switch to using Caffeine cache, by adding it and org.springframework.cache.caffeine.CaffeineCacheManager to the classpath.
2026-09-21T12:52:10.408+08:00  INFO 1624 --- [service-order] [main] o.s.boot.tomcat.TomcatWebServer          : Tomcat started on port 8083 (http) with context path '/'
2026-09-21T12:52:10.451+08:00  INFO 1624 --- [service-order] [main] com.alibaba.nacos.client.naming          : Nacos client key init properties: 
	serverAddr=rxs:8848
	username=nacos
	password=1****6

2026-09-21T12:52:10.457+08:00  INFO 1624 --- [service-order] [main] com.alibaba.nacos.client.naming          : initializer namespace from ans.namespace attribute : null
2026-09-21T12:52:10.460+08:00  INFO 1624 --- [service-order] [main] com.alibaba.nacos.client.naming          : initializer namespace from ALIBABA_ALIWARE_NAMESPACE attribute :null
2026-09-21T12:52:10.462+08:00  INFO 1624 --- [service-order] [main] com.alibaba.nacos.client.naming          : initializer namespace from namespace attribute :null
2026-09-21T12:52:10.483+08:00  INFO 1624 --- [service-order] [main] com.alibaba.nacos.client.naming          : FailoverDataSource type is class com.alibaba.nacos.client.naming.backups.datasource.DiskFailoverDataSource
2026-09-21T12:52:10.505+08:00  INFO 1624 --- [service-order] [main] c.a.n.c.a.AbstractServerListManager      : Load and match ServerListProvider com.alibaba.nacos.client.address.EndpointServerListProvider, match result: false
2026-09-21T12:52:10.531+08:00  INFO 1624 --- [service-order] [main] c.a.n.c.a.AbstractServerListManager      : Load and match ServerListProvider com.alibaba.nacos.client.address.PropertiesListProvider, match result: true
2026-09-21T12:52:10.545+08:00  INFO 1624 --- [service-order] [main] c.a.n.c.a.AbstractServerListManager      : Will use com.alibaba.nacos.client.address.PropertiesListProvider as ServerListProvider
2026-09-21T12:52:10.550+08:00  INFO 1624 --- [service-order] [main] c.a.n.p.a.s.c.ClientAuthPluginManager    : [ClientAuthPluginManager] Load ClientAuthService com.alibaba.nacos.client.auth.impl.NacosClientAuthServiceImpl success.
2026-09-21T12:52:10.565+08:00  INFO 1624 --- [service-order] [main] c.a.n.p.a.s.c.ClientAuthPluginManager    : [ClientAuthPluginManager] Load ClientAuthService com.alibaba.nacos.client.auth.ram.RamClientAuthServiceImpl success.
2026-09-21T12:52:10.702+08:00  INFO 1624 --- [service-order] [main] com.alibaba.nacos.common.remote.client   : [RpcClientFactory] create a new rpc client of df761589-3e22-42e0-9bb7-dbd00c67ea13
2026-09-21T12:52:10.705+08:00  INFO 1624 --- [service-order] [main] com.alibaba.nacos.client.naming          : Create naming rpc client for uuid->df761589-3e22-42e0-9bb7-dbd00c67ea13
2026-09-21T12:52:10.706+08:00  INFO 1624 --- [service-order] [main] com.alibaba.nacos.common.remote.client   : [df761589-3e22-42e0-9bb7-dbd00c67ea13] RpcClient init, ServerListFactory = com.alibaba.nacos.client.naming.core.NamingServerListManager
2026-09-21T12:52:10.706+08:00  INFO 1624 --- [service-order] [main] com.alibaba.nacos.common.remote.client   : [df761589-3e22-42e0-9bb7-dbd00c67ea13] Registry connection listener to current client:com.alibaba.nacos.client.naming.remote.gprc.redo.NamingGrpcRedoService
2026-09-21T12:52:10.708+08:00  INFO 1624 --- [service-order] [main] com.alibaba.nacos.common.remote.client   : [df761589-3e22-42e0-9bb7-dbd00c67ea13] Register server push request handler:com.alibaba.nacos.client.naming.remote.gprc.NamingPushRequestHandler
2026-09-21T12:52:10.708+08:00  INFO 1624 --- [service-order] [main] com.alibaba.nacos.common.remote.client   : [df761589-3e22-42e0-9bb7-dbd00c67ea13] Register server push request handler:com.alibaba.nacos.client.naming.remote.gprc.NamingFuzzyWatchNotifyRequestHandler
2026-09-21T12:52:10.709+08:00  INFO 1624 --- [service-order] [main] com.alibaba.nacos.common.remote.client   : [df761589-3e22-42e0-9bb7-dbd00c67ea13] Try to connect to server on start up, server: {serverIp = 'rxs', server main port = 8848}
2026-09-21T12:52:10.710+08:00  INFO 1624 --- [service-order] [main] c.a.n.c.remote.client.grpc.GrpcClient    : grpc client connection server: rxs ip, serverPort: 9848, grpcTslConfig: {"enableTls":false,"mutualAuthEnable":false,"trustAll":true}
2026-09-21T12:52:10.852+08:00  INFO 1624 --- [service-order] [main] com.alibaba.nacos.common.remote.client   : [df761589-3e22-42e0-9bb7-dbd00c67ea13] Success to connect to server [rxs:8848] on start up, connectionId = 1789966330104_172.17.0.1_45912
2026-09-21T12:52:10.853+08:00  INFO 1624 --- [service-order] [main] com.alibaba.nacos.common.remote.client   : [df761589-3e22-42e0-9bb7-dbd00c67ea13] Register server push request handler:com.alibaba.nacos.common.remote.client.RpcClient$ConnectResetRequestHandler
2026-09-21T12:52:10.853+08:00  INFO 1624 --- [service-order] [com.alibaba.nacos.client.remote.worker.0] com.alibaba.nacos.common.remote.client   : [df761589-3e22-42e0-9bb7-dbd00c67ea13] Notify connected event to listeners.
2026-09-21T12:52:10.853+08:00  INFO 1624 --- [service-order] [com.alibaba.nacos.client.remote.worker.0] com.alibaba.nacos.client.naming          : Grpc connection connect
2026-09-21T12:52:10.853+08:00  INFO 1624 --- [service-order] [main] com.alibaba.nacos.common.remote.client   : [df761589-3e22-42e0-9bb7-dbd00c67ea13] Register server push request handler:com.alibaba.nacos.common.remote.client.RpcClient$$Lambda/0x00000234cd438e70
2026-09-21T12:52:10.856+08:00  INFO 1624 --- [service-order] [main] com.alibaba.nacos.client.naming          : [REGISTER-SERVICE] public registering service service-order with instance Instance{instanceId='null', ip='192.168.1.129', port=8083, weight=1.0, healthy=true, enabled=true, ephemeral=true, clusterName='', serviceName='null', metadata={IPv6=null, preserved.register.source=SPRING_CLOUD}}
2026-09-21T12:52:10.886+08:00  INFO 1624 --- [service-order] [main] c.a.c.n.registry.NacosServiceRegistry    : nacos registry, DEFAULT_GROUP service-order 192.168.1.129:8083 register finished
2026-09-21T12:52:10.902+08:00  INFO 1624 --- [service-order] [main] com.jwy.scd.ServiceOrderApplication      : Started ServiceOrderApplication in 8.888 seconds (process running for 9.673)
2026-09-21T12:52:11.071+08:00  INFO 1624 --- [service-order] [main] com.alibaba.nacos.client.naming          : [SUBSCRIBE-SERVICE] service:service-id-gen, group:DEFAULT_GROUP, clusters: 
2026-09-21T12:52:11.078+08:00  INFO 1624 --- [service-order] [main] com.alibaba.nacos.client.naming          : [GRPC-SUBSCRIBE] service:service-id-gen, group:DEFAULT_GROUP, cluster: 
2026-09-21T12:52:11.111+08:00  INFO 1624 --- [service-order] [main] com.alibaba.nacos.client.naming          : init new ips(1) service: DEFAULT_GROUP@@service-id-gen -> [{"instanceId":"192.168.1.129#8084##DEFAULT_GROUP@@service-id-gen","ip":"192.168.1.129","port":8084,"weight":1.0,"healthy":true,"enabled":true,"ephemeral":true,"clusterName":"DEFAULT","serviceName":"DEFAULT_GROUP@@service-id-gen","metadata":{"preserved.register.source":"SPRING_CLOUD"},"instanceHeartBeatTimeOut":15000,"instanceHeartBeatInterval":5000,"ipDeleteTimeout":30000}]
2026-09-21T12:52:11.133+08:00  INFO 1624 --- [service-order] [main] com.alibaba.nacos.client.naming          : current ips:(1) service: DEFAULT_GROUP@@service-id-gen -> [{"instanceId":"192.168.1.129#8084##DEFAULT_GROUP@@service-id-gen","ip":"192.168.1.129","port":8084,"weight":1.0,"healthy":true,"enabled":true,"ephemeral":true,"clusterName":"DEFAULT","serviceName":"DEFAULT_GROUP@@service-id-gen","metadata":{"preserved.register.source":"SPRING_CLOUD"},"instanceHeartBeatTimeOut":15000,"instanceHeartBeatInterval":5000,"ipDeleteTimeout":30000}]
2026-09-21T12:52:11.368+08:00  INFO 1624 --- [service-order] [nacos-grpc-client-executor-rxs-14] com.alibaba.nacos.common.remote.client   : [df761589-3e22-42e0-9bb7-dbd00c67ea13] Receive server push request, request = NotifySubscriberRequest, requestId = 115
2026-09-21T12:52:11.371+08:00  INFO 1624 --- [service-order] [nacos-grpc-client-executor-rxs-14] com.alibaba.nacos.common.remote.client   : [df761589-3e22-42e0-9bb7-dbd00c67ea13] Ack server push request, request = NotifySubscriberRequest, requestId = 115
2026-09-21T12:52:11.831+08:00  INFO 1624 --- [service-order] [main] com.jwy.scd.support.SegmentIdGenerator   : [id-gen-client] 初始化本地号段缓冲：bizTag=order, 首段=[2114001, 2214000] 剩余 100000/100000
2026-09-21T12:52:11.840+08:00  INFO 1624 --- [service-order] [main] com.jwy.scd.support.SegmentIdGenerator   : [id-gen-client] 号段预热完成：bizTag=order, SegmentBuffer{bizTag=order, current=[2114001, 2214000] 剩余 100000/100000, next=null, issued=0}
2026-09-21T12:52:11.844+08:00  INFO 1624 --- [service-order] [main] com.jwy.scd.support.IdGenWarmUpRunner    : [id-gen-client] 启动预热结束（bizTag=order），耗时 936 ms；本地缓冲=SegmentBuffer{bizTag=order, current=[2114001, 2214000] 剩余 100000/100000, next=null, issued=0}
2026-09-21T12:52:11.850+08:00  WARN 1624 --- [service-order] [main] o.s.core.events.SpringDocAppInitializer  : SpringDoc /v3/api-docs endpoint is enabled by default. To disable it in production, set the property 'springdoc.api-docs.enabled=false'
2026-09-21T12:52:11.853+08:00  WARN 1624 --- [service-order] [main] o.s.core.events.SpringDocAppInitializer  : SpringDoc /swagger-ui.html endpoint is enabled by default. To disable it in production, set the property 'springdoc.swagger-ui.enabled=false'
2026-09-21T12:52:11.858+08:00  INFO 1624 --- [service-order] [main] c.a.nacos.client.config.impl.CacheData   : config listener notify warn timeout millis use default 60000 millis 
2026-09-21T12:52:11.859+08:00  INFO 1624 --- [service-order] [main] c.a.nacos.client.config.impl.CacheData   : nacos.cache.data.init.snapshot = true 
2026-09-21T12:52:11.862+08:00  INFO 1624 --- [service-order] [main] c.a.n.client.config.impl.ClientWorker    : [Config-fixed-public-rxs_8848] [subscribe] service-order.yaml+DEFAULT_GROUP+public
2026-09-21T12:52:11.863+08:00  INFO 1624 --- [service-order] [main] c.a.nacos.client.config.impl.CacheData   : [Config-fixed-public-rxs_8848] [add-listener] ok, tenant=public, dataId=service-order.yaml, group=DEFAULT_GROUP, cnt=1
2026-09-21T12:52:11.863+08:00  INFO 1624 --- [service-order] [main] c.a.c.n.refresh.NacosContextRefresher    : [Nacos Config] Listening config: dataId=service-order.yaml, group=DEFAULT_GROUP
2026-09-21T12:52:14.148+08:00  INFO 1624 --- [service-order] [nacos-grpc-client-executor-rxs-15] com.alibaba.nacos.common.remote.client   : [df761589-3e22-42e0-9bb7-dbd00c67ea13] Receive server push request, request = NotifySubscriberRequest, requestId = 116
2026-09-21T12:52:14.148+08:00  INFO 1624 --- [service-order] [nacos-grpc-client-executor-rxs-15] com.alibaba.nacos.client.naming          : new ips(1) service: DEFAULT_GROUP@@service-id-gen -> [{"instanceId":"192.168.1.129#8085##DEFAULT_GROUP@@service-id-gen","ip":"192.168.1.129","port":8085,"weight":1.0,"healthy":true,"enabled":true,"ephemeral":true,"clusterName":"DEFAULT","serviceName":"DEFAULT_GROUP@@service-id-gen","metadata":{"preserved.register.source":"SPRING_CLOUD"},"instanceHeartBeatTimeOut":15000,"instanceHeartBeatInterval":5000,"ipDeleteTimeout":30000}]
2026-09-21T12:52:14.149+08:00  INFO 1624 --- [service-order] [nacos-grpc-client-executor-rxs-15] com.alibaba.nacos.client.naming          : current ips:(2) service: DEFAULT_GROUP@@service-id-gen -> [{"instanceId":"192.168.1.129#8084##DEFAULT_GROUP@@service-id-gen","ip":"192.168.1.129","port":8084,"weight":1.0,"healthy":true,"enabled":true,"ephemeral":true,"clusterName":"DEFAULT","serviceName":"DEFAULT_GROUP@@service-id-gen","metadata":{"preserved.register.source":"SPRING_CLOUD"},"instanceHeartBeatTimeOut":15000,"instanceHeartBeatInterval":5000,"ipDeleteTimeout":30000},{"instanceId":"192.168.1.129#8085##DEFAULT_GROUP@@service-id-gen","ip":"192.168.1.129","port":8085,"weight":1.0,"healthy":true,"enabled":true,"ephemeral":true,"clusterName":"DEFAULT","serviceName":"DEFAULT_GROUP@@service-id-gen","metadata":{"preserved.register.source":"SPRING_CLOUD"},"instanceHeartBeatTimeOut":15000,"instanceHeartBeatInterval":5000,"ipDeleteTimeout":30000}]
2026-09-21T12:52:14.155+08:00  INFO 1624 --- [service-order] [nacos-grpc-client-executor-rxs-15] com.alibaba.nacos.common.remote.client   : [df761589-3e22-42e0-9bb7-dbd00c67ea13] Ack server push request, request = NotifySubscriberRequest, requestId = 116
2026-09-21T12:52:26.775+08:00  INFO 1624 --- [service-order] [http-nio-8083-exec-8] o.a.c.c.C.[Tomcat].[localhost].[/]       : Initializing Spring DispatcherServlet 'dispatcherServlet'
2026-09-21T12:52:26.775+08:00  INFO 1624 --- [service-order] [http-nio-8083-exec-8] o.s.web.servlet.DispatcherServlet        : Initializing Servlet 'dispatcherServlet'
2026-09-21T12:52:26.776+08:00  INFO 1624 --- [service-order] [http-nio-8083-exec-8] o.s.web.servlet.DispatcherServlet        : Completed initialization in 1 ms
2026-09-21T12:52:26.948+08:00  INFO 1624 --- [service-order] [http-nio-8083-exec-8] com.zaxxer.hikari.HikariDataSource       : HikariPool-1 - Starting...
2026-09-21T12:52:27.095+08:00  INFO 1624 --- [service-order] [http-nio-8083-exec-8] com.zaxxer.hikari.pool.HikariPool        : HikariPool-1 - Added connection com.mysql.cj.jdbc.ConnectionImpl@35fe1505
2026-09-21T12:52:27.096+08:00  INFO 1624 --- [service-order] [http-nio-8083-exec-8] com.zaxxer.hikari.HikariDataSource       : HikariPool-1 - Start completed.
2026-09-21T12:52:28.140+08:00 DEBUG 1624 --- [service-order] [http-nio-8083-exec-9] com.jwy.scd.api.SysUserApi               : [SysUserApi#getUserById] ---> GET http://service-system/api/sys-user/2 HTTP/1.1
2026-09-21T12:52:28.162+08:00  INFO 1624 --- [service-order] [http-nio-8083-exec-9] com.alibaba.nacos.client.naming          : [SUBSCRIBE-SERVICE] service:service-system, group:DEFAULT_GROUP, clusters: 
2026-09-21T12:52:28.162+08:00  INFO 1624 --- [service-order] [http-nio-8083-exec-9] com.alibaba.nacos.client.naming          : [GRPC-SUBSCRIBE] service:service-system, group:DEFAULT_GROUP, cluster: 
2026-09-21T12:52:28.168+08:00  INFO 1624 --- [service-order] [http-nio-8083-exec-9] com.alibaba.nacos.client.naming          : init new ips(1) service: DEFAULT_GROUP@@service-system -> [{"instanceId":"192.168.1.129#8081##DEFAULT_GROUP@@service-system","ip":"192.168.1.129","port":8081,"weight":1.0,"healthy":true,"enabled":true,"ephemeral":true,"clusterName":"DEFAULT","serviceName":"DEFAULT_GROUP@@service-system","metadata":{"preserved.register.source":"SPRING_CLOUD"},"instanceHeartBeatTimeOut":15000,"instanceHeartBeatInterval":5000,"ipDeleteTimeout":30000}]
2026-09-21T12:52:28.168+08:00  INFO 1624 --- [service-order] [http-nio-8083-exec-9] com.alibaba.nacos.client.naming          : current ips:(1) service: DEFAULT_GROUP@@service-system -> [{"instanceId":"192.168.1.129#8081##DEFAULT_GROUP@@service-system","ip":"192.168.1.129","port":8081,"weight":1.0,"healthy":true,"enabled":true,"ephemeral":true,"clusterName":"DEFAULT","serviceName":"DEFAULT_GROUP@@service-system","metadata":{"preserved.register.source":"SPRING_CLOUD"},"instanceHeartBeatTimeOut":15000,"instanceHeartBeatInterval":5000,"ipDeleteTimeout":30000}]
2026-09-21T12:52:28.193+08:00 DEBUG 1624 --- [service-order] [http-nio-8083-exec-9] com.jwy.scd.api.SysUserApi               : [SysUserApi#getUserById] <--- HTTP/1.1 200 (52ms)
2026-09-21T12:52:28.200+08:00  INFO 1624 --- [service-order] [http-nio-8083-exec-9] c.jwy.scd.service.impl.OrderServiceImpl  : Feign 调用成功：userId=2, username=zhangsan, nickname=张三
2026-09-21T12:52:28.243+08:00  INFO 1624 --- [service-order] [http-nio-8083-exec-9] c.jwy.scd.service.impl.OrderServiceImpl  : 下单成功：orderNo=SO202609212114001, userId=2, 明细 1 条, 总金额 129.00
2026-09-21T12:52:28.289+08:00 DEBUG 1624 --- [service-order] [http-nio-8083-exec-5] com.jwy.scd.api.SysUserApi               : [SysUserApi#getUserById] ---> GET http://service-system/api/sys-user/2 HTTP/1.1
2026-09-21T12:52:28.291+08:00 DEBUG 1624 --- [service-order] [http-nio-8083-exec-6] com.jwy.scd.api.SysUserApi               : [SysUserApi#getUserById] ---> GET http://service-system/api/sys-user/2 HTTP/1.1
2026-09-21T12:52:28.291+08:00 DEBUG 1624 --- [service-order] [http-nio-8083-exec-4] com.jwy.scd.api.SysUserApi               : [SysUserApi#getUserById] ---> GET http://service-system/api/sys-user/2 HTTP/1.1
2026-09-21T12:52:28.292+08:00 DEBUG 1624 --- [service-order] [http-nio-8083-exec-10] com.jwy.scd.api.SysUserApi               : [SysUserApi#getUserById] ---> GET http://service-system/api/sys-user/2 HTTP/1.1
2026-09-21T12:52:28.292+08:00 DEBUG 1624 --- [service-order] [http-nio-8083-exec-1] com.jwy.scd.api.SysUserApi               : [SysUserApi#getUserById] ---> GET http://service-system/api/sys-user/2 HTTP/1.1
2026-09-21T12:52:28.294+08:00 DEBUG 1624 --- [service-order] [http-nio-8083-exec-5] com.jwy.scd.api.SysUserApi               : [SysUserApi#getUserById] <--- HTTP/1.1 200 (5ms)
2026-09-21T12:52:28.295+08:00  INFO 1624 --- [service-order] [http-nio-8083-exec-5] c.jwy.scd.service.impl.OrderServiceImpl  : Feign 调用成功：userId=2, username=zhangsan, nickname=张三
2026-09-21T12:52:28.298+08:00 DEBUG 1624 --- [service-order] [http-nio-8083-exec-10] com.jwy.scd.api.SysUserApi               : [SysUserApi#getUserById] <--- HTTP/1.1 200 (5ms)
2026-09-21T12:52:28.298+08:00 DEBUG 1624 --- [service-order] [http-nio-8083-exec-1] com.jwy.scd.api.SysUserApi               : [SysUserApi#getUserById] <--- HTTP/1.1 200 (6ms)
2026-09-21T12:52:28.298+08:00 DEBUG 1624 --- [service-order] [http-nio-8083-exec-6] com.jwy.scd.api.SysUserApi               : [SysUserApi#getUserById] <--- HTTP/1.1 200 (6ms)
2026-09-21T12:52:28.298+08:00  INFO 1624 --- [service-order] [http-nio-8083-exec-10] c.jwy.scd.service.impl.OrderServiceImpl  : Feign 调用成功：userId=2, username=zhangsan, nickname=张三
2026-09-21T12:52:28.298+08:00 DEBUG 1624 --- [service-order] [http-nio-8083-exec-4] com.jwy.scd.api.SysUserApi               : [SysUserApi#getUserById] <--- HTTP/1.1 200 (7ms)
2026-09-21T12:52:28.299+08:00  INFO 1624 --- [service-order] [http-nio-8083-exec-4] c.jwy.scd.service.impl.OrderServiceImpl  : Feign 调用成功：userId=2, username=zhangsan, nickname=张三
2026-09-21T12:52:28.299+08:00  INFO 1624 --- [service-order] [http-nio-8083-exec-1] c.jwy.scd.service.impl.OrderServiceImpl  : Feign 调用成功：userId=2, username=zhangsan, nickname=张三
2026-09-21T12:52:28.299+08:00  INFO 1624 --- [service-order] [http-nio-8083-exec-6] c.jwy.scd.service.impl.OrderServiceImpl  : Feign 调用成功：userId=2, username=zhangsan, nickname=张三
2026-09-21T12:52:28.308+08:00  INFO 1624 --- [service-order] [http-nio-8083-exec-5] c.jwy.scd.service.impl.OrderServiceImpl  : 下单成功：orderNo=SO202609212114002, userId=2, 明细 1 条, 总金额 129.00
2026-09-21T12:52:28.324+08:00 DEBUG 1624 --- [service-order] [http-nio-8083-exec-7] com.jwy.scd.api.SysUserApi               : [SysUserApi#getUserById] ---> GET http://service-system/api/sys-user/2 HTTP/1.1
2026-09-21T12:52:28.331+08:00 DEBUG 1624 --- [service-order] [http-nio-8083-exec-7] com.jwy.scd.api.SysUserApi               : [SysUserApi#getUserById] <--- HTTP/1.1 200 (6ms)
2026-09-21T12:52:28.332+08:00  INFO 1624 --- [service-order] [http-nio-8083-exec-10] c.jwy.scd.service.impl.OrderServiceImpl  : 下单成功：orderNo=SO202609212114003, userId=2, 明细 1 条, 总金额 129.00
2026-09-21T12:52:28.332+08:00  INFO 1624 --- [service-order] [http-nio-8083-exec-7] c.jwy.scd.service.impl.OrderServiceImpl  : Feign 调用成功：userId=2, username=zhangsan, nickname=张三
2026-09-21T12:52:28.348+08:00  INFO 1624 --- [service-order] [http-nio-8083-exec-4] c.jwy.scd.service.impl.OrderServiceImpl  : 下单成功：orderNo=SO202609212114004, userId=2, 明细 1 条, 总金额 129.00
2026-09-21T12:52:28.349+08:00 DEBUG 1624 --- [service-order] [http-nio-8083-exec-2] com.jwy.scd.api.SysUserApi               : [SysUserApi#getUserById] ---> GET http://service-system/api/sys-user/2 HTTP/1.1
2026-09-21T12:52:28.354+08:00 DEBUG 1624 --- [service-order] [http-nio-8083-exec-2] com.jwy.scd.api.SysUserApi               : [SysUserApi#getUserById] <--- HTTP/1.1 200 (5ms)
2026-09-21T12:52:28.355+08:00  INFO 1624 --- [service-order] [http-nio-8083-exec-2] c.jwy.scd.service.impl.OrderServiceImpl  : Feign 调用成功：userId=2, username=zhangsan, nickname=张三
2026-09-21T12:52:28.366+08:00 DEBUG 1624 --- [service-order] [http-nio-8083-exec-3] com.jwy.scd.api.SysUserApi               : [SysUserApi#getUserById] ---> GET http://service-system/api/sys-user/2 HTTP/1.1
2026-09-21T12:52:28.367+08:00  INFO 1624 --- [service-order] [http-nio-8083-exec-6] c.jwy.scd.service.impl.OrderServiceImpl  : 下单成功：orderNo=SO202609212114005, userId=2, 明细 1 条, 总金额 129.00
2026-09-21T12:52:28.371+08:00 DEBUG 1624 --- [service-order] [http-nio-8083-exec-3] com.jwy.scd.api.SysUserApi               : [SysUserApi#getUserById] <--- HTTP/1.1 200 (5ms)
2026-09-21T12:52:28.373+08:00  INFO 1624 --- [service-order] [http-nio-8083-exec-3] c.jwy.scd.service.impl.OrderServiceImpl  : Feign 调用成功：userId=2, username=zhangsan, nickname=张三
2026-09-21T12:52:28.391+08:00 DEBUG 1624 --- [service-order] [http-nio-8083-exec-8] com.jwy.scd.api.SysUserApi               : [SysUserApi#getUserById] ---> GET http://service-system/api/sys-user/2 HTTP/1.1
2026-09-21T12:52:28.391+08:00  INFO 1624 --- [service-order] [http-nio-8083-exec-1] c.jwy.scd.service.impl.OrderServiceImpl  : 下单成功：orderNo=SO202609212114006, userId=2, 明细 1 条, 总金额 129.00
2026-09-21T12:52:28.396+08:00 DEBUG 1624 --- [service-order] [http-nio-8083-exec-8] com.jwy.scd.api.SysUserApi               : [SysUserApi#getUserById] <--- HTTP/1.1 200 (5ms)
2026-09-21T12:52:28.398+08:00  INFO 1624 --- [service-order] [http-nio-8083-exec-8] c.jwy.scd.service.impl.OrderServiceImpl  : Feign 调用成功：userId=2, username=zhangsan, nickname=张三
2026-09-21T12:52:28.408+08:00 DEBUG 1624 --- [service-order] [http-nio-8083-exec-9] com.jwy.scd.api.SysUserApi               : [SysUserApi#getUserById] ---> GET http://service-system/api/sys-user/2 HTTP/1.1
2026-09-21T12:52:28.408+08:00  INFO 1624 --- [service-order] [http-nio-8083-exec-7] c.jwy.scd.service.impl.OrderServiceImpl  : 下单成功：orderNo=SO202609212114007, userId=2, 明细 1 条, 总金额 129.00
2026-09-21T12:52:28.414+08:00 DEBUG 1624 --- [service-order] [http-nio-8083-exec-9] com.jwy.scd.api.SysUserApi               : [SysUserApi#getUserById] <--- HTTP/1.1 200 (5ms)
2026-09-21T12:52:28.415+08:00  INFO 1624 --- [service-order] [http-nio-8083-exec-9] c.jwy.scd.service.impl.OrderServiceImpl  : Feign 调用成功：userId=2, username=zhangsan, nickname=张三
2026-09-21T12:52:28.567+08:00 DEBUG 1624 --- [service-order] [http-nio-8083-exec-5] com.jwy.scd.api.SysUserApi               : [SysUserApi#getUserById] ---> GET http://service-system/api/sys-user/2 HTTP/1.1
2026-09-21T12:52:28.573+08:00 DEBUG 1624 --- [service-order] [http-nio-8083-exec-5] com.jwy.scd.api.SysUserApi               : [SysUserApi#getUserById] <--- HTTP/1.1 200 (5ms)
2026-09-21T12:52:28.573+08:00  INFO 1624 --- [service-order] [http-nio-8083-exec-5] c.jwy.scd.service.impl.OrderServiceImpl  : Feign 调用成功：userId=2, username=zhangsan, nickname=张三
2026-09-21T12:52:28.579+08:00  INFO 1624 --- [service-order] [http-nio-8083-exec-2] c.jwy.scd.service.impl.OrderServiceImpl  : 下单成功：orderNo=SO202609212114008, userId=2, 明细 1 条, 总金额 129.00
2026-09-21T12:52:28.604+08:00  INFO 1624 --- [service-order] [http-nio-8083-exec-3] c.jwy.scd.service.impl.OrderServiceImpl  : 下单成功：orderNo=SO202609212114009, userId=2, 明细 1 条, 总金额 129.00
2026-09-21T12:52:28.605+08:00 DEBUG 1624 --- [service-order] [http-nio-8083-exec-10] com.jwy.scd.api.SysUserApi               : [SysUserApi#getUserById] ---> GET http://service-system/api/sys-user/2 HTTP/1.1
2026-09-21T12:52:28.610+08:00 DEBUG 1624 --- [service-order] [http-nio-8083-exec-10] com.jwy.scd.api.SysUserApi               : [SysUserApi#getUserById] <--- HTTP/1.1 200 (4ms)
2026-09-21T12:52:28.611+08:00  INFO 1624 --- [service-order] [http-nio-8083-exec-10] c.jwy.scd.service.impl.OrderServiceImpl  : Feign 调用成功：userId=2, username=zhangsan, nickname=张三
2026-09-21T12:52:28.633+08:00 DEBUG 1624 --- [service-order] [http-nio-8083-exec-4] com.jwy.scd.api.SysUserApi               : [SysUserApi#getUserById] ---> GET http://service-system/api/sys-user/2 HTTP/1.1
2026-09-21T12:52:28.635+08:00  INFO 1624 --- [service-order] [http-nio-8083-exec-8] c.jwy.scd.service.impl.OrderServiceImpl  : 下单成功：orderNo=SO202609212114010, userId=2, 明细 1 条, 总金额 129.00
2026-09-21T12:52:28.639+08:00 DEBUG 1624 --- [service-order] [http-nio-8083-exec-4] com.jwy.scd.api.SysUserApi               : [SysUserApi#getUserById] <--- HTTP/1.1 200 (4ms)
2026-09-21T12:52:28.639+08:00  INFO 1624 --- [service-order] [http-nio-8083-exec-4] c.jwy.scd.service.impl.OrderServiceImpl  : Feign 调用成功：userId=2, username=zhangsan, nickname=张三
2026-09-21T12:52:28.647+08:00 DEBUG 1624 --- [service-order] [http-nio-8083-exec-6] com.jwy.scd.api.SysUserApi               : [SysUserApi#getUserById] ---> GET http://service-system/api/sys-user/2 HTTP/1.1
2026-09-21T12:52:28.647+08:00  INFO 1624 --- [service-order] [http-nio-8083-exec-9] c.jwy.scd.service.impl.OrderServiceImpl  : 下单成功：orderNo=SO202609212114011, userId=2, 明细 1 条, 总金额 129.00
2026-09-21T12:52:28.652+08:00 DEBUG 1624 --- [service-order] [http-nio-8083-exec-6] com.jwy.scd.api.SysUserApi               : [SysUserApi#getUserById] <--- HTTP/1.1 200 (5ms)
2026-09-21T12:52:28.654+08:00  INFO 1624 --- [service-order] [http-nio-8083-exec-6] c.jwy.scd.service.impl.OrderServiceImpl  : Feign 调用成功：userId=2, username=zhangsan, nickname=张三
2026-09-21T12:52:28.659+08:00  INFO 1624 --- [service-order] [http-nio-8083-exec-5] c.jwy.scd.service.impl.OrderServiceImpl  : 下单成功：orderNo=SO202609212114012, userId=2, 明细 1 条, 总金额 129.00
2026-09-21T12:52:28.660+08:00 DEBUG 1624 --- [service-order] [http-nio-8083-exec-1] com.jwy.scd.api.SysUserApi               : [SysUserApi#getUserById] ---> GET http://service-system/api/sys-user/2 HTTP/1.1
2026-09-21T12:52:28.672+08:00 DEBUG 1624 --- [service-order] [http-nio-8083-exec-1] com.jwy.scd.api.SysUserApi               : [SysUserApi#getUserById] <--- HTTP/1.1 200 (10ms)
2026-09-21T12:52:28.672+08:00  INFO 1624 --- [service-order] [http-nio-8083-exec-1] c.jwy.scd.service.impl.OrderServiceImpl  : Feign 调用成功：userId=2, username=zhangsan, nickname=张三
2026-09-21T12:52:28.672+08:00 DEBUG 1624 --- [service-order] [http-nio-8083-exec-7] com.jwy.scd.api.SysUserApi               : [SysUserApi#getUserById] ---> GET http://service-system/api/sys-user/2 HTTP/1.1
2026-09-21T12:52:28.676+08:00  INFO 1624 --- [service-order] [http-nio-8083-exec-10] c.jwy.scd.service.impl.OrderServiceImpl  : 下单成功：orderNo=SO202609212114013, userId=2, 明细 1 条, 总金额 129.00
2026-09-21T12:52:28.676+08:00 DEBUG 1624 --- [service-order] [http-nio-8083-exec-7] com.jwy.scd.api.SysUserApi               : [SysUserApi#getUserById] <--- HTTP/1.1 200 (4ms)
2026-09-21T12:52:28.676+08:00  INFO 1624 --- [service-order] [http-nio-8083-exec-7] c.jwy.scd.service.impl.OrderServiceImpl  : Feign 调用成功：userId=2, username=zhangsan, nickname=张三
2026-09-21T12:52:28.678+08:00  INFO 1624 --- [service-order] [nacos-grpc-client-executor-rxs-25] com.alibaba.nacos.common.remote.client   : [df761589-3e22-42e0-9bb7-dbd00c67ea13] Receive server push request, request = NotifySubscriberRequest, requestId = 118
2026-09-21T12:52:28.678+08:00  INFO 1624 --- [service-order] [nacos-grpc-client-executor-rxs-25] com.alibaba.nacos.common.remote.client   : [df761589-3e22-42e0-9bb7-dbd00c67ea13] Ack server push request, request = NotifySubscriberRequest, requestId = 118
2026-09-21T12:52:28.690+08:00 DEBUG 1624 --- [service-order] [http-nio-8083-exec-2] com.jwy.scd.api.SysUserApi               : [SysUserApi#getUserById] ---> GET http://service-system/api/sys-user/2 HTTP/1.1
2026-09-21T12:52:28.690+08:00  INFO 1624 --- [service-order] [http-nio-8083-exec-4] c.jwy.scd.service.impl.OrderServiceImpl  : 下单成功：orderNo=SO202609212114014, userId=2, 明细 1 条, 总金额 129.00
2026-09-21T12:52:28.696+08:00 DEBUG 1624 --- [service-order] [http-nio-8083-exec-2] com.jwy.scd.api.SysUserApi               : [SysUserApi#getUserById] <--- HTTP/1.1 200 (4ms)
2026-09-21T12:52:28.696+08:00  INFO 1624 --- [service-order] [http-nio-8083-exec-2] c.jwy.scd.service.impl.OrderServiceImpl  : Feign 调用成功：userId=2, username=zhangsan, nickname=张三
2026-09-21T12:52:28.703+08:00 DEBUG 1624 --- [service-order] [http-nio-8083-exec-3] com.jwy.scd.api.SysUserApi               : [SysUserApi#getUserById] ---> GET http://service-system/api/sys-user/2 HTTP/1.1
2026-09-21T12:52:28.704+08:00  INFO 1624 --- [service-order] [http-nio-8083-exec-6] c.jwy.scd.service.impl.OrderServiceImpl  : 下单成功：orderNo=SO202609212114015, userId=2, 明细 1 条, 总金额 129.00
2026-09-21T12:52:28.708+08:00 DEBUG 1624 --- [service-order] [http-nio-8083-exec-3] com.jwy.scd.api.SysUserApi               : [SysUserApi#getUserById] <--- HTTP/1.1 200 (4ms)
2026-09-21T12:52:28.708+08:00  INFO 1624 --- [service-order] [http-nio-8083-exec-3] c.jwy.scd.service.impl.OrderServiceImpl  : Feign 调用成功：userId=2, username=zhangsan, nickname=张三
2026-09-21T12:52:28.723+08:00  INFO 1624 --- [service-order] [http-nio-8083-exec-1] c.jwy.scd.service.impl.OrderServiceImpl  : 下单成功：orderNo=SO202609212114016, userId=2, 明细 1 条, 总金额 129.00
2026-09-21T12:52:28.723+08:00 DEBUG 1624 --- [service-order] [http-nio-8083-exec-8] com.jwy.scd.api.SysUserApi               : [SysUserApi#getUserById] ---> GET http://service-system/api/sys-user/2 HTTP/1.1
2026-09-21T12:52:28.729+08:00 DEBUG 1624 --- [service-order] [http-nio-8083-exec-8] com.jwy.scd.api.SysUserApi               : [SysUserApi#getUserById] <--- HTTP/1.1 200 (4ms)
2026-09-21T12:52:28.729+08:00  INFO 1624 --- [service-order] [http-nio-8083-exec-8] c.jwy.scd.service.impl.OrderServiceImpl  : Feign 调用成功：userId=2, username=zhangsan, nickname=张三
2026-09-21T12:52:28.739+08:00 DEBUG 1624 --- [service-order] [http-nio-8083-exec-9] com.jwy.scd.api.SysUserApi               : [SysUserApi#getUserById] ---> GET http://service-system/api/sys-user/2 HTTP/1.1
2026-09-21T12:52:28.739+08:00  INFO 1624 --- [service-order] [http-nio-8083-exec-7] c.jwy.scd.service.impl.OrderServiceImpl  : 下单成功：orderNo=SO202609212114017, userId=2, 明细 1 条, 总金额 129.00
2026-09-21T12:52:28.746+08:00 DEBUG 1624 --- [service-order] [http-nio-8083-exec-9] com.jwy.scd.api.SysUserApi               : [SysUserApi#getUserById] <--- HTTP/1.1 200 (6ms)
2026-09-21T12:52:28.747+08:00  INFO 1624 --- [service-order] [http-nio-8083-exec-9] c.jwy.scd.service.impl.OrderServiceImpl  : Feign 调用成功：userId=2, username=zhangsan, nickname=张三
2026-09-21T12:52:28.756+08:00  INFO 1624 --- [service-order] [http-nio-8083-exec-2] c.jwy.scd.service.impl.OrderServiceImpl  : 下单成功：orderNo=SO202609212114018, userId=2, 明细 1 条, 总金额 129.00
2026-09-21T12:52:28.756+08:00 DEBUG 1624 --- [service-order] [http-nio-8083-exec-5] com.jwy.scd.api.SysUserApi               : [SysUserApi#getUserById] ---> GET http://service-system/api/sys-user/2 HTTP/1.1
2026-09-21T12:52:28.761+08:00 DEBUG 1624 --- [service-order] [http-nio-8083-exec-5] com.jwy.scd.api.SysUserApi               : [SysUserApi#getUserById] <--- HTTP/1.1 200 (4ms)
2026-09-21T12:52:28.762+08:00  INFO 1624 --- [service-order] [http-nio-8083-exec-5] c.jwy.scd.service.impl.OrderServiceImpl  : Feign 调用成功：userId=2, username=zhangsan, nickname=张三
2026-09-21T12:52:28.770+08:00 DEBUG 1624 --- [service-order] [http-nio-8083-exec-10] com.jwy.scd.api.SysUserApi               : [SysUserApi#getUserById] ---> GET http://service-system/api/sys-user/2 HTTP/1.1
2026-09-21T12:52:28.770+08:00  INFO 1624 --- [service-order] [http-nio-8083-exec-3] c.jwy.scd.service.impl.OrderServiceImpl  : 下单成功：orderNo=SO202609212114019, userId=2, 明细 1 条, 总金额 129.00
2026-09-21T12:52:28.775+08:00 DEBUG 1624 --- [service-order] [http-nio-8083-exec-10] com.jwy.scd.api.SysUserApi               : [SysUserApi#getUserById] <--- HTTP/1.1 200 (4ms)
2026-09-21T12:52:28.775+08:00  INFO 1624 --- [service-order] [http-nio-8083-exec-10] c.jwy.scd.service.impl.OrderServiceImpl  : Feign 调用成功：userId=2, username=zhangsan, nickname=张三
2026-09-21T12:52:28.787+08:00  INFO 1624 --- [service-order] [http-nio-8083-exec-8] c.jwy.scd.service.impl.OrderServiceImpl  : 下单成功：orderNo=SO202609212114020, userId=2, 明细 1 条, 总金额 129.00
2026-09-21T12:52:28.787+08:00 DEBUG 1624 --- [service-order] [http-nio-8083-exec-4] com.jwy.scd.api.SysUserApi               : [SysUserApi#getUserById] ---> GET http://service-system/api/sys-user/2 HTTP/1.1
2026-09-21T12:52:28.791+08:00 DEBUG 1624 --- [service-order] [http-nio-8083-exec-4] com.jwy.scd.api.SysUserApi               : [SysUserApi#getUserById] <--- HTTP/1.1 200 (3ms)
2026-09-21T12:52:28.791+08:00  INFO 1624 --- [service-order] [http-nio-8083-exec-4] c.jwy.scd.service.impl.OrderServiceImpl  : Feign 调用成功：userId=2, username=zhangsan, nickname=张三
2026-09-21T12:52:28.801+08:00 DEBUG 1624 --- [service-order] [http-nio-8083-exec-6] com.jwy.scd.api.SysUserApi               : [SysUserApi#getUserById] ---> GET http://service-system/api/sys-user/2 HTTP/1.1
2026-09-21T12:52:28.802+08:00  INFO 1624 --- [service-order] [http-nio-8083-exec-9] c.jwy.scd.service.impl.OrderServiceImpl  : 下单成功：orderNo=SO202609212114021, userId=2, 明细 1 条, 总金额 129.00
2026-09-21T12:52:28.806+08:00 DEBUG 1624 --- [service-order] [http-nio-8083-exec-6] com.jwy.scd.api.SysUserApi               : [SysUserApi#getUserById] <--- HTTP/1.1 200 (3ms)
2026-09-21T12:52:28.807+08:00  INFO 1624 --- [service-order] [http-nio-8083-exec-6] c.jwy.scd.service.impl.OrderServiceImpl  : Feign 调用成功：userId=2, username=zhangsan, nickname=张三
2026-09-21T12:52:28.816+08:00  INFO 1624 --- [service-order] [http-nio-8083-exec-5] c.jwy.scd.service.impl.OrderServiceImpl  : 下单成功：orderNo=SO202609212114022, userId=2, 明细 1 条, 总金额 129.00
2026-09-21T12:52:28.833+08:00  INFO 1624 --- [service-order] [http-nio-8083-exec-10] c.jwy.scd.service.impl.OrderServiceImpl  : 下单成功：orderNo=SO202609212114023, userId=2, 明细 1 条, 总金额 129.00
2026-09-21T12:52:28.847+08:00  INFO 1624 --- [service-order] [http-nio-8083-exec-4] c.jwy.scd.service.impl.OrderServiceImpl  : 下单成功：orderNo=SO202609212114024, userId=2, 明细 1 条, 总金额 129.00
2026-09-21T12:52:28.862+08:00  INFO 1624 --- [service-order] [http-nio-8083-exec-6] c.jwy.scd.service.impl.OrderServiceImpl  : 下单成功：orderNo=SO202609212114025, userId=2, 明细 1 条, 总金额 129.00
